temp,pressure,flow
-1.0694385470458192,0.995981330614745,0.6585966128079885
0.8327417930441494,1.4776773293884535,-1.4187902575714415
-0.07066897363689034,1.2885499622703753,1.7008649497982367
0.5975309992153303,-0.8662989809783795,-0.24115025414941876
1.3217859331403692,-0.1514023902840107,-1.286766045397405
-1.091268861697447,-1.2755456999819568,1.1895026829754285
-1.073176528735361,-0.47350033770911115,-0.7517161163617001
-0.40553825818980027,-1.3394318908659233,0.3895292907787306
-1.5310335076402186,-0.877125605725198,0.815887819589192
1.3180820287207224,-1.6954315064407355,1.1580907139957581
0.37573835254152455,1.09679077972191,-0.7801511976633791
1.1536087932262724,0.19330972756769096,-0.10465454975361481
-0.5348397295442738,0.7244583976917512,0.8275949634154174
1.3564845244297679,1.0013509680896853,-0.7073797444171452
-0.5209800106309248,1.5781631597110346,-0.4521036469653041
-0.5459138183687122,-0.06489407311690702,0.3342902706706139
1.2708492473244402,-0.5930988253205641,0.2627490522007114
1.219400294843286,-0.29747383080426065,-0.6462151338625556
0.9155763098406448,1.5740198477248144,-0.21632797978088017
-0.32246860638209435,1.5623132257103076,0.27594887022335596
-0.09759592786466838,-1.5709909558903836,0.6688995591310994
-0.01621333133594456,-1.5957962878316925,-0.09670094679010616
-0.9121262240588821,-0.03677750704629983,-1.3629127460909538
1.2642222797232852,1.3912352043244547,-1.5504961587000563
-0.9552040550544836,1.1766738001975776,0.10304277085612129
0.05351611918905422,-0.6971144070413687,-0.8047038715030851
0.20059680982966294,1.2330960826839634,1.6032756771977832
0.8960047488854628,-1.4180830360272878,0.1613946035526808
0.6362623855986892,0.7386306530210576,-1.03336238583465
-0.3765819012495272,-1.3557038151904106,1.14582044655637
1.6483295852447946,-1.2059795586672464,0.7526792547280934
-0.23758775969754733,0.5458672775658133,-1.5626160842471404
-1.1869092483381927,-0.792674020587853,-1.430445709479838
-0.4545773243191545,1.0946598238559897,-1.2511660340054844
-1.58907414020249,0.9677505724114629,-1.606742660145428
0.8320117776373511,1.2723811192491579,1.241416825958811
-0.2102577390065405,-1.2770691440413402,0.7609759135367598
-0.6419278939865823,1.5135184722270156,0.9162784030150968
0.025996828241478226,-1.3555847937203738,-1.4945304045779026
0.46154705487820097,1.2484488845543495,-1.0609075819064964
0.08877903129588631,-1.6833426893056667,-0.4098423524766519
-1.2963949335936846,1.2235373580012423,0.05978878766562698
0.6894606714245988,-1.242698568133669,1.5366071653592597
1.1688860816346407,-0.2614751130930372,1.5430503183196727
1.5870753913716515,1.62287381571983,-1.6558076305132903
-1.6155414274577709,1.5405511852051461,0.7083356849127569
0.6712533828394224,-0.3728876750383115,-1.5712637608775033
-0.7145465257823783,0.6546550606118807,-0.3506923172336219
-0.9891937433342953,0.8404775455494728,0.01392293047112745
0.16818893090602877,-0.7194417584576512,-1.0780155860891147
1.5532570160020147,1.4150480777985508,-0.056543785382531436
-0.7171961736694858,0.4512227335154767,-0.38914942230281513
-0.9324590784727396,1.279478281866694,-1.5577914164082325
1.6087229987887155,-1.432872787700417,-0.9654138463335136
1.6974119893670625,0.4110827264015628,-1.569883227914846
-0.5300402968713974,0.3553454436032445,-0.38500035663656473
-0.12678125309420546,-1.5131842432619027,-0.76313381088197
-1.1978387692735601,-0.644583954310967,-1.0257017530952748
-0.6192549923848184,0.2869677111954356,0.8935494387114918
0.9544523084177461,0.5029551359603058,1.1832496408071491
0.8869496668741016,0.050612481414250315,0.14961603585309022
-1.0401483948691552,-0.26364627741821073,-0.7435611935885206
0.954629019171938,1.558309327348052,-0.6873792027111336
-1.5312207479404416,1.4170129643474638,-0.5579953493335288
0.7910910263487508,1.152952541526152,-1.667853609017759
-0.5983266071285092,1.1446260234400476,0.47459651206434794
-0.06597169986286106,-1.11510927607374,1.1931243808754102
1.2313156090341213,-0.5799385727600151,1.6548588862774762
0.5307671886616482,0.8571205748279209,1.6586586860373496
-1.1979678451793638,0.2663411631754841,-1.0625426790438803
-0.4785722605888414,0.8853504259002878,1.5920018039374593
-0.24752639234016516,1.64021797183454,0.7467116915657219
1.3995830457072018,-0.857043932765693,-0.5853704817011335
-0.013150932751787664,1.0907088876445792,-0.3670717444668022
1.07218768023906,-0.6098222979388077,0.6866050706647647
-0.6204311230463964,-0.34092954910098494,0.3953344780639085
0.7783218439126323,-1.5915384395585739,-1.5771908982568978
-0.4649079838868438,-0.8716409109897425,-0.7016014022694447
1.4820118328761671,-0.6571774702270038,-1.2670747857761775
-0.4654775881236291,1.2847536810404812,-1.6515686089582717
0.4023960275079053,1.3603062102806478,-0.3359755300732363
-1.1490681294534528,1.355320935488154,-1.4972479910884053
-0.8689978198034565,-0.7639807953238555,0.17185925927086132
-0.029720935903162944,-1.4819011714298216,-0.6600414301045026
1.5316041283053003,1.6540064423624086,-0.6122368512973245
-1.1833267313939038,0.12738910727031363,-1.3260955983047324
-0.8764854394975486,0.025245426437344357,1.335412663177538
-1.4287662927661644,-0.07083347145772241,5.2111317126845695e-05
0.5112763330272417,-0.18239217259989585,0.6681030170033215
0.9477235548444721,1.0303116513178054,-1.1370915084518938
1.1361225300368871,0.4659809761080533,-1.0880012786838484
-1.4998122259906281,0.08021637194879479,-0.6463167107759927
-1.2439964618712072,0.923494472997267,-1.4909956618994193
1.1391327209723352,1.1895462178831273,0.22687429645398144
-1.4326416499522303,-0.03510845797427898,-1.1195485239282426
-0.7802664558181654,1.082839289164748,1.1956956192124355
0.9018216878887234,0.40067204184210653,0.8944596667593839
1.5348063981344386,-0.22517975070067595,-0.6320502211318654
0.6086690287517377,-1.379859647832484,-1.6741060029487775
0.49830059697734325,-0.9906862032059218,0.9234082238618367
0.48374093017984565,-1.1593473832677401,-1.370243761416048
1.2073462784228703,0.6208650041156387,0.8159399835588126
-0.37276311481533947,-0.5399625138078473,-0.7182304103789381
-0.878139358370419,0.2850269716720689,1.2007524185542577
0.2239600085719009,1.488579189093832,1.1175709618047787
0.7810141805722236,0.888054059813353,1.6570989360996637
-1.392272354102021,-0.3823044970761705,1.5213815453072779
-0.006508747716789565,-1.156485124405151,1.5680856266530463
-0.8971962071820226,-1.161345559963057,0.36439920038184676
0.36526096880777414,1.6175008992952042,-1.4508249744447783
-0.9314347935275366,-0.3832339370435431,-0.9197690188469998
-0.3774764418814336,-1.1557044667797598,-0.47505671401091665
0.7482449935597313,-0.8939705099092444,-1.0715984371643772
1.3830061941698708,0.14762243470138506,0.15070419828936985
0.8415960255810387,-0.529673678135063,0.6722546301426131
-1.4315961730009488,-0.10988891921778664,-0.4090818487188339
0.699162066153936,-0.8344517262209676,1.046950222544996
-0.09020159846019431,0.4066514911306459,-0.4351608238075722
-0.9075312895420886,-0.05771016602093389,0.979835177895163
-0.6275468262991002,-1.0397686967185618,1.2868987295414616
0.5474661327116769,-0.44800791236196613,-0.19358702356449492
0.028851050684063646,-1.5987833002290477,1.2967572527857467
-0.9805044270897372,0.0920762011936856,1.5129804421462514
-1.3009482126485339,0.17255195821697136,-0.7893710771770713
-0.3277732661613247,-1.1504538443389014,-0.5731774002440961
-1.5138197672677347,-0.4552468251938521,0.3412067661793331
1.4927596463973647,-0.3841215554981084,-1.3446569221057185
0.768234384550739,-1.0303062261458347,0.9369269974909596
-0.46931900203526844,0.22319263842881348,0.45216650073416403
1.6961696577575316,-0.0788036974483115,0.5705211723767735
1.5188104241053595,0.9109152391427581,0.011775514175593207
-0.7349834121012563,-0.5463806757248091,-0.6235968198878593
0.15646774827573545,0.34865682693828925,1.625689139484097
-1.68806450600689,1.639396806647357,1.099920186902578
-0.7964888731190592,0.09976191461697353,-0.4437316586571799
-1.5929052103337504,1.6470996939083573,0.6699647337207226
0.6158275020602997,0.8410320667514686,0.6888759093741167
-0.1597254460031557,-0.14995664920254728,-0.7154397401210002
-0.035158066651725065,-0.5299558100764975,-0.4468057376736931
0.20332643567344247,-0.808092086090157,1.1180889021507698
-1.5380901322872949,-0.2139634007659902,-1.484173782956964
0.7563963861988423,0.9934647733144157,-0.5043837199504959
0.21318934744531445,-0.6358296525254332,-1.5200511726356012
-0.3472226013409374,0.10441691483125001,1.3820115608455257
0.10708767501641112,1.1422013048458743,0.4838252600791916
0.8339938012126757,1.0441190347461637,0.8664927057543544
0.26041852830207,0.5571355063785043,0.5388373610647633
1.6083546518386982,-0.33831532550664895,-1.0492193896594462
-1.3418634827166087,-1.2657299805042073,0.590356621218711
1.1229323157674644,-0.6525699246797981,-0.7830137424700309
0.2749380672766688,1.257205883682481,-0.9783117615696185
0.633864748965418,0.24735417840799975,-0.7650943882067059
-1.1663243383658266,-1.5183107838784522,-1.4945928707000589
-0.0002054344661129569,0.4817291725651588,0.15689108444809835
1.4111457892486698,0.6802793305612211,-1.2737883563357446
0.9259104321498652,-0.21212717471523954,-0.45421415213287747
-0.08999196026444625,0.7141139523194909,-0.5138852497719706
-0.5049765512054087,0.9720544174384862,-1.6798149714555584
1.5540341666958597,-0.21320910142477556,-1.1315134534410003
-1.700853907176611,1.1863635500838074,-0.7897868891790637
-0.007999124439872449,-1.5597032562815283,-1.3277732561463809
1.3052607265475273,-0.6953127244545678,-1.7006543201272886
1.0175443759062535,0.7617305551306215,1.0515236147095852
0.8714888259538437,0.15962068880431776,-1.243637167232799
-1.3449287216837544,-1.1286418977452979,1.0031671505802564
-1.3594266774106238,-1.1755710572378826,0.3129360792630167
1.0367148285251675,-1.3836275654701293,-1.1360741876191525
0.24766571068614285,0.23068699566805106,-0.47423677488862104
0.12459303526371412,0.29523099941139064,0.10569583672311768
-0.6733790818937176,-0.5573899735362318,1.0787157245505046
-1.6670710136396283,-0.5244583741826254,0.9031739640986824
-1.4454300426150508,-0.28909968834511496,0.3592240347679171
0.4487680685507617,-0.66618627643173,-0.4448383920493909
-0.6519884112239095,-0.1116986975584599,0.446161547856566
-0.18380862287641778,-1.4640791669995075,0.15157312963438624
-0.08179030694020502,-1.0287853791636454,-0.5870721644192841
-0.04692359651442898,-0.983244484287375,1.0986964637723293
0.8358845303017567,0.3579849229010519,1.2724238699458092
-0.16668431839174333,-0.46265388784987044,-1.0769923929293541
-1.5299256436057624,0.0965416459363631,-0.13646093182557445
-0.6988505550837452,0.7125556338525793,0.5519548906704113
-1.2484085164698724,-0.28233836097088266,-0.9899010231572293
1.3179971196889406,-1.0491167671756483,-0.8480428471626659
-1.690832372538739,1.4148710192578142,-0.032524122281846556
1.3799923835078332,-0.9456681216139597,-0.7983630436316498
-1.3102135698661246,-0.10810909855378577,-1.6200560273878695
0.40096958103112057,1.4054994009964619,0.38609428548217567
0.24487624597554083,1.2812964313523652,1.5723135584629155
0.5754927714593177,0.5074293942352008,-0.1517554248739883
-0.7191983530797329,-0.8000035570853454,-0.9474114425428607
0.8533738885387812,0.8805115165793201,-0.3025660753639829
1.0612996420820726,0.4084466388520199,-0.4843913693710564
1.476264064280452,1.615678985792084,-0.8892857181616863
-0.6157738860439318,-0.2367414973365967,-0.3527213658954913
0.143805869313253,0.48116701933678246,-1.5368142785822838
0.5666790204849912,-0.07683717210202502,1.333976799263809
-0.6788695631422137,0.2555637077696319,-0.9796578267182503
-1.1239252734348812,-0.39195051430970396,-0.8482521919889622
0.2208742767752409,-0.23169416909877308,0.9565124964746519
0.8259959472865798,-0.29472544193786393,-1.5045096475454725
-1.3083514971784462,-1.2935602614100232,-1.6109604090070722
-1.4119002784492618,0.9432901145040998,-1.5620533701222283
0.4088596926231285,0.1977701217793959,-1.1927662487030082
-0.2930486313996047,-1.4177885809257746,1.5678240879028764
1.029007474751798,-0.5697321704920473,-1.4702967743012536
1.0013294806316435,0.13597702369957781,0.7290812583242585
1.3257322594687784,0.3403327358846737,0.6172540676713597
1.641958867842907,0.38633868880163336,1.3106749176679464
-0.7267405257793058,1.1215168681209218,1.359457168565436
-0.6570228212252267,-0.20948216591591706,0.05008548940146802
1.3281472066700035,1.1495607363541616,1.4034747959448384
-0.4445875836209472,1.5613379820676792,-1.629538559473389
1.0875274033494045,-1.4965401926990227,0.6820046556795172
-1.3730063775751933,-0.8545507488213762,-1.3774538499931246
1.232500756219738,0.35153968424409904,1.212471591736079
0.5750981183486479,-0.39245203847120375,0.8536057265436197
0.17401141776125045,-0.007702350874627779,1.638390111635326
0.3463648092041646,0.39225631904909714,0.27910010594874546
-0.5411602302168474,0.7856943127940957,-1.1790166804837339
-1.1622311978665893,1.1667280585090902,-1.6249420026639747
0.47891695481180596,-1.0767213953708943,0.6042244714977961
-0.6089128502322515,0.4555333203746892,0.8582407257560118
-1.6187695454000466,-0.22758596829547678,0.1616449217120788
1.6896383739448508,-0.7217406388892801,0.9807251738876528
0.9164550870795611,0.9950498802582832,0.03421321149472343
-1.555336473677071,0.8991879573740917,-0.7745488816820095
0.5347819730342938,-1.2649446263253667,0.010078423989013124
-0.6549078449108692,-0.7454832523980018,0.3997748345418801
0.3053327614397559,-0.6661380572409566,-0.3720549359979211
1.3051849997462346,0.202337503919033,0.31944726309689175
-0.916089580126419,-1.660179521420099,-1.3117080198873108
0.5505674391704014,-0.7633360389846923,1.0913777684271606
0.8748396510925347,0.7222860931863461,1.6114431460374192
1.6284001702208935,-0.5375285707965423,-0.7175373547482106
0.3551994280278668,1.5114161990412163,1.1086228156988707
-1.0219965764310557,-1.0604981715788646,-1.1238437811889215
0.06687138440910304,-1.2995665073051457,-0.33389147927629725
-1.0936837935490218,0.9183763509485414,1.6894447513747473
-0.3208637020818468,0.554798681250096,-1.3025825192801181
-0.20486047583453582,1.0225849676214378,-1.0691048115897261
1.231863195593192,-1.3743520234831734,-0.6567788339982582
1.6217211843996668,0.9759524277436398,-0.8741741945392372
1.5493373335265608,0.791651725711582,-1.4633930094861123
-1.597822902920996,-1.4987007810565225,1.0169355663557549
0.5488394976562612,0.5855613878318958,0.16289861407221196
1.248367161409931,-0.8817366341402412,-1.698428931073724
-1.5744006256429015,1.2478719730037782,1.6794842189226957
0.5007890679562089,0.024273303216668617,-0.27201152712692833
-0.08714917575321042,-0.9685441947593489,-1.0632481221877579
-0.1506488399448748,-0.09855049920281901,-0.8563689925292799
-0.25767977670516434,0.09761496574170903,-0.5530434913123512
-1.5311600199451343,1.640846720937511,-1.3190681770922126
-0.403038845701225,0.07987385855538244,1.5765277378668765
1.150632920619998,-1.14322429853136,0.9936503406859825
-1.4945463126704395,0.9229061816621204,-0.4165449310508582
-1.1070057060724336,1.250867509992847,-1.5297763050311401
-0.39303985823422627,0.8352988272911145,-0.4922482561794163
1.3331846632280193,0.2099966964655976,0.5570276229515864
-0.5912727015673,-0.8761545915211824,-0.9898419996637271
1.4380547400811028,-0.781701175347862,-0.35552771448163417
1.6485049982558373,-0.8161232649777777,-1.659936795186709
-0.6765843232755824,-0.2503528432705065,-1.4931530832557638
-0.640597337471982,-0.46263296151168104,0.5366959281312177
-1.3562839422461503,-0.07539597751463985,0.7314325793453211
0.3511626528393949,1.1749712089607056,1.1979686411783463
-0.7144789374353653,0.6882758067796906,-0.1294786452045654
0.8731271167897297,-0.027974384816305608,0.9643405148719169
-1.424437188863007,1.3093844485429678,1.5472938263409761
0.489977794446177,0.5466182915213873,1.6789037844745527
-0.38082149834251444,-0.4773557792532128,1.2558393105435157
0.02874052029533954,-0.8024705311111843,1.1472928464891214
-1.0891438425256248,-0.3116308075152234,-0.03847669470226984
-0.803937950539342,-1.6383354858325272,1.3742953984358435
-0.5404724654197923,0.18152373193685062,1.11697226547413
-0.7277232173588766,-1.3908917597493067,-0.853266469226659
1.013818001691925,1.514067686137309,1.0265353978654392
-1.1692912115419902,0.9585080888765332,-0.3577725420071365
1.7482823022491858,-0.8354878770314744,1.1916396268557314
-0.7961582517716922,-0.17364263172736108,0.4330772273055495
-0.7101181363651103,-1.3883852963974979,-0.9712501717452116
1.5946261291760069,-0.3393485608295581,-1.374100358183432
0.3462872261417714,0.09368160747823565,-1.3512505030769122
-1.1906877210094013,-1.233432020563139,-0.9238352044997618
-1.1836685482179194,-0.6988859273558763,-0.6347833860322931
-1.6459085699407532,1.4346794612015965,-0.012386620882106372
-0.2206943927924795,0.913133213523303,-0.13683283429691648
1.5806929423019276,1.3531792607086128,-1.2430863971619404
0.09560727048689203,1.3142104310790284,-0.6025755713612214
0.8981470810672288,-0.3321592400792592,-0.32160467096238066
1.746693359143102,0.6710009462533142,-1.5766511068281421
1.5933781823853674,1.3026529650306253,0.013445761267031495
0.22741829765784297,-0.6723374596938462,1.5598468026986703
-1.2218347242018477,-0.37187970998445613,0.7524245135509645
-0.4581430717706569,-0.04455316700498534,1.633272342454351
1.74909948692375,1.1476979484398173,0.12779070421554287
-0.5566705151510765,1.0402533624048151,0.9416207615010347
1.7206706587360727,-1.5398714311584338,0.5555468126815948
-0.5818932053977781,0.04894226607944366,1.4864497787108368
0.24153607419176396,0.027928209211272675,-0.20843690836233877
1.0419049188645515,-0.6792183982748304,-0.6944053382735094
0.861749070006798,0.31193242448034364,-0.39019845971954364
0.06292688852647386,-0.32396253588219254,-1.6554592802539576
1.5522082605747751,1.1185858617423736,0.775917531191339
-0.4095537357386922,-0.4980563065430376,-1.2493913071612055
0.38253207002049205,1.2912481930298825,0.6932118446461965
-0.8667522075006713,-0.9485752326466741,1.4760295063451234
0.9108486932968302,0.2952269159673349,0.7417500956892844
0.3660197675994449,-1.708325346371741,1.4693393227045521
-0.05030066188004726,-1.0069155547045436,-1.5790089482773293
-1.6224869209517476,0.5295669849067945,0.4152044600746044
0.11214636537341643,-0.03178275480202401,-0.7501723871837908
-0.27400413661438017,1.4274829348916163,-1.510612018120434
1.5037557802792492,-0.5788142873047998,-1.586690071427537
0.608846370237008,-1.5329418184662809,0.6991917190064513
0.16143853013977785,0.1326965083833093,-1.1605098067745547
1.2142648667012126,1.2448610239349842,0.31006912165031075
1.6882191428502025,0.46924398833670267,-0.4631385336238928
-0.7338908951703013,-0.456316979186826,1.559636068403513
-1.4448600821966113,-1.2903150998105604,0.9757915423484997
0.591094317389644,0.9075950319373054,0.1384893006054262
-0.7835873596047388,-1.0624980690452976,-1.1212005956641193
1.0391388100420718,1.661370165636452,1.060029243916388
-0.8525219557075814,0.6266300080623369,-0.9169377639804673
-1.052565845304974,-0.4890671225487849,0.9759719534089675
0.9876218097709671,1.5495735807594062,-0.9031650375156853
-0.6292903058454586,0.07176638074422698,0.10795158121219346
-0.8706264602445233,1.2369613644644666,-1.215378270786913
1.4138476873448802,-0.3620286401772457,1.6744916020136351
-1.2502871748033908,1.246498247209721,-0.3703772316591033
0.6492769300992848,-0.4582709147890048,1.105159776625627
-1.0067784658079861,-0.649653415459168,-1.2497317275767432
0.996078426365853,-0.8715588786465404,-0.47665577277834054
1.6123748242874012,-0.5632400452257326,1.6223511355888702
1.4331715569261754,1.5369868994888038,0.24814880954924326
0.6695733639796101,0.25848624375398155,0.8327858318655768
-1.6703980481113563,1.6687475314413411,-0.7082452119612972
-1.104580684965588,-1.100690126333881,1.3026837323289038
0.3730008920967673,-1.6935939156287985,-0.1342824182502285
-0.500378753630007,-1.4000467352983,0.09022667429986718
0.5485592957233608,0.4048402077927152,0.20953491302866026
0.8801868028896421,-1.5950532812202938,0.010192217472126177
-0.6667781525320485,-0.3656819334570304,-0.27081578875731827
0.04052876833797351,-0.29679954122271796,0.9789564978024305
0.8432194384196633,0.36366079700116355,0.8446827522217055
1.441330671137022,-0.1392349538942762,0.9670663940811396
1.7359170437635703,-0.3602869637246281,-0.8891595535721845
-1.3357044969934357,0.5993055386802283,0.790330335786954
0.3526254357754919,-1.6837969745739538,1.0969235375871083
0.4247952957804654,-1.1762618252352675,1.2171800639650365
-0.626061059703897,1.3023269354728066,0.36529495099475834
1.1951420942819255,0.008860705227471307,-0.0618055460180702
-0.26970351280096233,1.4636877643992097,-0.38461587133672914
-0.12051230003538459,-1.6769215190878624,1.6461821243399972
-0.6151828292756425,1.059246274348084,-1.4448213872087945
-1.626496969573581,-0.4307228911563781,0.2245900389201728
-1.671654922398064,-0.4440568203326986,-1.166409386241412
-0.450923914317947,0.18971334405028425,-1.2625003135565427
-0.15711195247269252,0.5395161952362719,-0.1469774860097718
-1.1140195811414804,-0.38037426103130034,0.3601246413736676
1.3714615189109047,0.4392783656310279,0.7313838029293759
-1.1161527551637993,0.011014813255793732,1.237997376450336
-1.303446114940848,1.1258552691450698,1.5035040521121816
-0.1835905967945754,-1.6876031336397759,1.4148818063277726
-1.3522164306740239,0.5648467749465363,-0.006939374663371469
0.962007851360309,1.506500363121738,-0.4640015244959645
1.5327066050660674,-0.7500310787191214,-1.0038220490427443
1.3682993821375,-1.3908723597486465,-1.2121469802106148
1.2895244902279999,-0.43631887811869663,1.686275619344892
-1.1170686827423413,0.45394875540597607,0.14763043106939666
-1.6830221492823778,1.1425833424549074,-0.5018063723074647
-0.8564507945982043,-0.40935553220187276,-0.7187899925824909
-0.3357462055120967,-1.690597009136261,-0.5887315850906857
0.8132991632196616,0.26352210989475344,-1.5517108577031948
-1.614094360888918,-0.7709000122550737,0.2622016695473728
0.9726037790467277,-1.5783726917086913,-1.1449761758554289
0.61590198798192,-0.8928808586988171,-0.39987994039523944
-0.8476126739611344,1.4226442728468132,0.03793377612904589
0.9073340228527612,1.2815966351165968,1.661076503457199
0.03450384959889228,0.8385858229365601,-0.8983842495935644
-1.6899731294739142,-1.0515154489446585,-0.9583547406697501
0.7520742292682567,-0.4482036927569506,1.348663121587583
0.5886454690906454,0.18766250498412893,0.9396161323629477
0.7892886334497028,-0.655596969733216,0.672888396095456
0.9070341709256825,1.418056732957503,1.205898495865646
0.15417414982688746,-0.3946479720771474,-0.21538444736937054
0.021037334300841034,-0.6140729071175326,1.5624294440750979
-1.5919499799411199,1.5871226343209828,-0.49776202398574154
0.1365845165117166,-0.7298307047323896,-0.7196528404910835
1.1929674699248052,1.4992764182886846,-0.5749406546095688
0.363803225789761,0.3150509762801354,1.5986367124507934
1.0043189038392972,0.34406809300996666,-1.0789555133020714
0.34411630349232664,1.2321668571355113,0.7831418189011567
-1.6638953548361253,0.32377581866740435,0.8813397510251925
-0.4595194682711451,0.12323605599056428,1.0835096848552757
-0.6168053172978455,0.776171483803335,-1.4489164099568421
-1.2705642911490052,1.1222566476090088,0.2411570138145403
-0.014780737324275883,1.1351934953009413,0.7172317351268909
1.2293674335305065,-1.5076353969598002,0.8078125295161903
-1.1641028700161566,-1.5520336137765134,0.2783664343936138
-1.6660376667842618,-0.9673470688595541,0.43295149909504793
0.7839066522498429,-0.13298398792517457,0.29099584038877646
-1.6486620700722034,-0.9112620615767114,0.6108688435126661
0.3455269234332421,-1.067578041801623,-0.401714128473578
-1.3885826394571397,0.41820227462539206,1.681651887016208
1.3919415761208234,0.5475275696742731,-0.6175074640953315
-1.168508157163385,0.4200563323361989,-1.2939405581934929
0.4283572257042048,0.745756560984592,-0.22710508762879844
-0.26729510210871055,-1.4285767860700846,1.6234459703349515
0.6008755222760684,-1.4199216969014206,1.5252744251844819
-1.6789213538777266,-0.07706400699590123,-0.17470636652921173
-1.6346122928721778,-0.9202353064204007,-0.7022899715700431
-0.3390401943848474,-0.12437234179123363,-1.3295633139176102
0.10155738026398857,1.453262565406378,-1.0058922071934098
1.543089365532626,-1.525619220605706,0.732522205455315
-1.6863340924315928,-1.5584104859937882,-1.1585524556589963
-0.6228058297443364,-0.3586355410395737,1.1557716809360545
-1.454116205378643,1.3642345654359749,-0.8365866512159252
-0.7201945757247645,0.14935494296679325,1.616048159000465
0.6519326348187983,-1.1118361902206382,-1.245862801502769
0.4461774983273716,-0.040332272969051224,-1.6786330372990985
0.455582113501649,1.4624729555437914,1.0173125215649144
-0.6615100092216638,0.6268393842428099,-0.6091192902790411
-0.501703332502442,-0.45356945578700425,-1.066357081025428
0.7912156630659607,0.9342070966576527,-0.05113193555965763
-1.523252843030719,-0.5584671420426446,-0.8320798773094693
1.0214812262676867,1.350639629493544,1.345954181508295
-1.579924808339063,1.5387267068046073,0.01146848716949694
1.7853612691414087,0.09986586409669454,-0.9244945466190103
1.678991090864162,-1.4160734534648414,0.22024377555789784
0.6236387101711458,0.2853280971327975,0.3299730452332739
1.390324982713132,0.9381921922081221,-0.1628844747684563
0.7854132779730301,-0.8798935287311058,-0.5069022898610529
-1.0906179112919927,-0.935156026728382,1.0423039448756621
-0.2286351146230139,1.544784120912813,-1.5413163439525177
-1.2304689861353058,1.6000484047182237,1.528519798276169
-1.4114819001518413,1.488141218632637,0.7318915220673924
-1.6227708593732348,-0.719565016479725,-1.6336175681332898
-1.6103662915499293,-0.7850710098632867,0.20630461849934442
1.7389000368632348,1.581109956874447,-1.1134349617636718
-0.5857274496273758,-0.9599448609459834,-1.6633319706537613
1.5791352371293168,1.4395224024789801,-0.1368341189258928
-1.0797796523992897,-0.6984489734368309,0.016105520547962247
-0.3758025028785025,-1.6862408641842845,0.1330094308015456
1.502133659602083,-1.5968841789778052,-0.03131923629191153
-0.19871734909081096,-0.3584304525600429,-1.6328849139335064
0.539989922691624,1.240612527443159,-1.1779404653692447
-0.7874528047891073,-1.4831001264957635,1.0586920057414215
1.1425067457118014,-1.580515117462556,0.43896754934251414
-0.33256352811594914,1.0729332800135811,-1.4982097972960433
1.2517445920274513,-1.6969403283491815,-0.8244256010667629
0.6084212634204452,0.22606552237557492,0.02709870952515527
1.4100346493546732,-1.3158497453609859,-1.5574865030150573
-1.683625994995429,-1.2140156221059482,0.03691696540361382
0.9785185319512759,-1.6967700573697877,-1.5660093559852741
-0.9152798341016295,-1.0063433986472197,-0.7462104647963154
-1.250644996428531,-0.6074919084266264,-1.5513318189034448
1.1656020557314035,0.02098032077817093,-1.362077027340617
-0.3035347351300617,1.509019054110504,0.36434246362323125
1.5296885163867626,1.58802785307996,0.9406593287003887
-0.5102031918526395,-0.25991687727733626,-0.0936970015717544
-1.0276590581842822,0.35906212799078746,0.6852164017185913
0.2791214717424551,-0.292911504954082,1.188650808535022
0.8121959322329033,-1.5244034307752576,0.5645239102535712
0.5974918314432774,0.603612105099997,0.00631245483451617
-0.8447131969125009,0.003665268390530044,0.19033515606186246
-1.3027280844711144,-0.20154115509603843,-0.02287936279691797
-0.42727531290225457,-0.8993994228681127,0.40351963625135484
-1.3186439741425375,-1.230286034319754,1.6369506491265955
-1.3949432983379424,-0.5449546777820256,0.6057923717153454
-0.6280846278050578,0.5179912739422801,-0.6486015401637176
1.5759503654309095,-0.3754839172519545,0.19958628330740874
1.4494587528903937,-0.7230162156927084,1.450269103584584
-1.4212423381128394,1.0118587268352919,1.0481982174700988
0.08889416204453071,1.1705528815055652,-0.009326702738584285
-0.36806625757499833,1.035941733259633,-1.055997691359223
0.7535760502020918,0.84223854240015,0.31475128587600526
-1.6104873977778338,0.5939061901273109,0.9818959753418418
-0.8025231254919976,0.6580464969020313,-0.22669226832896786
-0.7353631764001383,0.23202968356120532,0.7832263089557309
-1.234454180219879,0.5848014875161924,1.590541501438151
0.012006121693170894,-0.07348876152572849,0.8543687124197457
-1.2123919529370044,1.6410682902040257,1.684309068869845
1.1601891899888792,0.6048644155875055,-1.3086242421602996
-1.0230291470476374,0.920049195540317,-1.0568907027918757
0.39364126698337515,1.1923004695657597,-1.64346989445538
0.5297062351465209,-0.9817614509117244,1.6442825801668122
-1.5171364495865471,0.6903322458041309,0.9508091182483703
-0.17588657843041186,-0.3789321860730235,-1.6357696099100725
1.5569162867787332,-1.0065455919632214,0.9382086017684353
1.3005763785743447,0.9823771946440641,-1.1562358476002872
0.32996308845362704,0.2539993496670904,-1.009149648445066
-1.6332280642475874,-1.619928012402684,-1.110221860022349
0.6316068635707728,0.8716285387138387,-0.3144257387566876
-1.5487023396033466,-1.522945213764469,0.9700294844218436
-0.9644577894472112,0.6102665532800624,1.6684654524175402
0.05333185082529902,-1.2043613671887987,-0.8220564361611767
-0.5716978959053901,-1.146837268182171,-0.2502705133070018
-1.2349918903256467,0.19416368157426053,1.5683378734578548
0.9933826220807511,-1.592376885962297,1.1893464021078928
-0.7699969147199518,-0.5698632983321009,1.6498904649160808
-0.7823185871762613,0.2058905060513902,1.58648202417645
0.3994316584178495,-0.903839230153569,-0.3508079447339377
-1.457308041562178,-0.31599222080443756,0.052514129837461565
1.5415804314313704,-1.6327599011861702,-1.632907740367587
0.7979767395138891,-0.3263382812626584,1.2426189942810868
-0.010358399506578792,-0.08886257204678089,0.4659009735758388
1.6372283020731297,-0.80458018227251,1.4493853210572063
1.4475663963895413,1.486320083541333,-0.7027502806145073
-0.02668501825635616,1.0329779336581508,-0.9414408587664099
-0.7331971154035222,-1.3085985212247278,-1.3254896288772813
1.6491265090788754,-1.3201193799000452,1.373838506218529
-0.740263643609988,-1.471597283074586,-0.7282125922671706
0.4547690948616768,0.4072129435174005,-0.020404464825324604
-1.0655081226061072,0.880615828504926,0.8706900549529364
-1.1968706155569575,-0.7808892864041849,-0.13926424754362565
1.6328021334711538,-1.0897770037073207,1.2358404108751782
-0.669283309278336,-0.18403911823143837,-0.9563800828038825
0.43205401311901825,1.1370826181267844,-1.6698523680073176
-1.5694088204096188,1.6055820774096694,0.2417350383068931
-0.000868568656372268,1.285880481260414,-0.4571884664682456
-0.41554133075687233,0.05499749670524541,0.9299473128052697
1.358023591987398,-1.0530960236212952,0.6008928267542739
-0.2808746567655733,-0.36724515273427805,-1.2485014116516182
-1.2635707295976506,-0.9500066984412989,-0.7407510060925755
-1.6576566916605677,1.3883021492798222,-0.4996963797660806
0.44980526010974925,1.1658545076971323,-0.4885438600337982
-0.9861412229477197,-1.4803462558894118,-1.228522070067996
-0.1264472293573409,-1.6145763397104478,-0.0810972843257454
1.3035496229018873,0.009503519940642781,1.1974000761028587
-1.097569657954355,-1.3158741623579056,1.3979172234477475
0.5260366849881832,-0.0004977233910241838,0.29391299111742736
-1.0354646622774015,1.5619427277685205,-1.2837366723542765
-1.6938177848479237,-0.8416574010715578,-1.3873880570820625
-0.4593401791245844,1.0138749133649974,-1.148787002320365
1.2470580759161858,-1.0449214740136126,-0.3775808890581126
1.7460576886166583,-1.161967205804158,-1.1636371516687232
-1.3315874609263314,0.4577282516653311,-0.22687403209625903
0.4000912893993182,-1.320353991121187,0.7911435658374105
-1.5877903441992738,0.07209542673251565,1.0858457387383307
-1.6655005706993853,1.3555589238919783,-0.08128164390134943
1.4087550219326959,0.35325971353157176,-0.7845453578758138
0.9152245802823348,1.3444118485440886,1.0851177190060715
1.2924889838595353,0.0002819393712240549,-0.15191617845608363
0.22948366390292313,1.2387532738842915,-1.029400976345675
0.9656051381565969,-1.2008191459584703,-1.3550952046020583
-0.10139240637321177,1.5714344741454285,-0.5739859935123811
-0.5648167792627597,0.7990823978215397,-1.5885340412032691
0.6757530944061019,1.6310316115205452,0.9965192603022438
-0.7664933005591132,1.0310313055747289,-0.4040681351657116
1.5869065413826144,-1.3155406501556082,-0.628031669548773
-0.629714783675221,0.23533554265190798,0.8498767583798417
1.0236913749480838,-0.8671564358057136,-0.29273532856212436
0.23816517345495836,0.4232994781268211,1.291049693218091
-0.8965231135108074,1.1545444536455554,0.8268340048975801
0.3708870397954274,0.9654328346317976,1.50334077556507
0.618478802127932,0.9289170912534485,0.7833388191714248
0.4012679866025289,-0.08543539926987186,1.55829635627958
0.32363898026441296,-1.3633254363255838,0.9790147806089556
1.2985990021056024,-1.4251937094079599,0.901816968370908
-1.6707448386755321,-0.8380361134570611,-1.5794567252793739
1.5181771871961753,1.292204323579949,0.2014653864262007
-0.1644959972627117,0.41882726208205534,-0.55017878571483
-0.3653087522314266,-0.023426873856978996,-1.5162891621398396
-0.08737437221480626,-0.915035422677316,-1.1743462721449236
-0.9095761448171589,0.3244571437639232,-1.6570225126458376
-0.5890031532293879,-1.1816781752100511,0.030003289679324606
0.6107476801190204,0.6378809925805452,-0.38852470457664057
0.3376631518408877,0.668781210792251,-0.6899833008634344
0.2536281490231538,1.3759526505637363,-0.131814798481277
0.6762978953525268,0.5839290064276961,1.1393813939246926
-1.647196885753112,-1.3530683031507351,1.3819434128781665
-0.6808128145478323,-1.2568637076679294,1.6720485052467933
-0.6013678908734653,0.3069054846703682,-1.0515599055007605
-0.016430938790965043,-1.3967333129443142,-1.2036275975086579
-1.0559969609750306,-1.6354985524527108,1.549105896607545
-0.17353103018899024,-1.180155391344153,0.9225873486691425
-1.4906612765182743,0.8252482367828837,1.6120108982634116
1.6657820861809687,0.7469135759806612,0.8983076458924828
-0.3034363124756031,-0.9541239038230551,-1.060406901064788
-0.4759232873886289,0.5988309479740382,0.4662913108474177
-1.3499243385840245,0.37889015420678224,-0.30044215137195257
-1.385943455391652,1.3564877378780469,-0.5927708323393198
-1.6959620557253892,1.4871129684649473,0.4770511507493996
-0.32500883707896927,-0.19835061239772186,0.009869125455652938
0.7693171520118606,-1.4754876898070546,-0.3504513631821029
0.05241698027948329,-1.6738033100873557,-0.03754805295827322
-1.5135881607922372,1.10889847046427,-1.6692775877647719
1.4013883466672412,-0.5333424326110716,-0.5377511127618707
0.5494452862512798,0.8972043008706362,0.1948078488364649
-0.7945950863098975,-0.003798884234605066,-0.2269423938280584
-0.05749438531131788,1.5001533903188065,-1.0073455262671547
-0.44319366375053687,0.47921044092825577,0.5468511822879921
0.686619780850878,0.7013068853206184,0.6233479159210226
1.4319822433571106,1.5926857504901726,0.3342704981406801
-0.4428432507735829,-0.8913601052073419,0.471463635572785
0.523538749205723,-0.8451946567932662,0.5163757725059448
-0.33877488510114745,0.9187352733172293,1.695280154331616
-1.4231657601775713,-1.194038092382282,0.5527618548358133
1.1746663457885749,0.4837188680267749,-0.29086967626437765
0.250901282627844,-0.2067828725463715,0.858458190907919
0.06011896307072372,0.8495392044938104,0.8597721927520875
0.5973052860984648,1.2674901823457523,1.6601785110407798
1.554720292917762,1.0027719636017918,1.5537127483532431
0.7962465300889391,-1.4792813499096071,0.1536151375952441
-0.8110458645423073,0.4371545448680187,0.9921702282139241
-0.0979471910029271,0.7384932992414152,1.0704651769100666
0.30307871450421475,-1.057122284217166,1.344350070683832
-1.593655007009122,-0.8682072805788658,-1.423822372838967
-0.1694758971677974,-0.653583314566217,0.975156500616801
0.5110864986710296,0.0696500172206107,0.257379478040156
1.5567240732267484,0.17927859139041402,0.22325573490041914
-0.6752452435188817,0.3083796161041037,-1.5362756508762476
-1.0789519968213348,0.3405915344407636,-0.13103164181981083
-0.0736149029131391,0.9533666036338294,1.4733754165873052
-1.6661391699739627,-0.39462924615808587,0.19599520954620112
0.8969174725733919,-0.1417917071206836,0.23617702670768778
0.31475284243312407,0.8925162381395202,0.5150124659617372
0.8354592064969577,0.5097257880170735,-1.64683979595359
1.2717367487463314,-1.6690410059058856,-1.2643976513267008
-0.45771738480708957,-1.396528184494116,1.2712567235912353
-1.0323057988168909,1.2920056375206668,1.392195528195904
0.11054680868196695,-1.3565701922837277,1.5034556732708644
-0.5890518709258228,-0.9021587657298535,-0.6145911160044991
1.2117682788971202,1.1071799248337835,-0.7514406876883709
1.1053614557721356,0.7644488189855169,0.7189480035237988
0.23397830729420796,0.09139717779790194,0.7856099717196516
-0.8962895821891815,-0.8189428670083523,0.4013386609810547
1.1676832882819008,-0.7186327145448015,0.3262864303405598
0.5543853838158208,0.9749251202739845,0.38779079292238383
-1.5672974892534302,-1.206039435743596,-0.24103430191777184
-1.5580962725374592,1.3948632344486096,-1.211035527049337
-0.19667844180517313,0.16691139244324638,-1.0037861863136301
-1.4073596027479498,-0.09484811211985528,0.8943510288116381
1.5199531364854315,-1.6604735256660301,1.2640899916165347
0.5028766786351984,0.051561565609837275,0.19658603131226643
1.0953266816423843,-1.4734105446218313,0.6848161101041984
1.7157577991257187,1.3291348944029209,-0.48933097133740655
0.09992366013528993,1.1915445781725285,0.45905427760305156
0.7371914498931599,1.6064518672527883,-0.1221263616111565
-0.34358858073871196,-0.014300274094675316,-1.4281163727698865
-0.7156841745221801,1.4510025276566128,-0.6080561825328578
0.8712488844090028,0.3527830399471156,1.2961961347459612
1.4784037667880632,1.5459117235947095,-1.0367117165901676
0.38912932418751806,-0.9770985981549264,-1.42648427480206
-0.35839802681137256,0.48096558038244913,-1.0376746030570847
-0.7734007585968198,-0.9766780779387728,1.4916688735979928
0.3332859545534295,1.2548949185598417,0.1507004383498702
1.3733134493172476,-1.3567591441304983,0.2317286799327929
1.5137613862363073,0.5751679082737233,0.9066650594143052
-1.6320802972626072,-1.3586342704479728,1.2068299710096417
-0.25628758925208667,1.2468483204790723,0.014922247232170584
-1.405444527299685,-0.8130120328911836,0.59574774542179
0.1263285218286138,-1.0912087418444607,-1.5584124343757244
0.7738401249267718,-0.722742700817498,0.2803466977894178
-1.0856038224831925,1.1100982513648534,1.3290742581966837
0.6570833937728127,1.5174464120938804,0.6130935445034291
-0.23511626124547697,0.05604594560947966,-0.8826081452615264
-1.0294479985103984,-1.679652851318674,-1.3800951023113008
-1.241390989928369,-0.09643280580766744,0.6200057300036439
0.2929775433696157,0.36048898767406695,0.3830665736065959
-0.9390811648851476,-0.7192716063740571,-0.5260658546019561
0.02498839250776415,0.87733196818575,-0.371885738039662
-1.0785258444842836,0.23169596981189744,-1.367087441841265
1.5004163250450497,1.6426945069795755,-0.5317677780046437
0.30754763257956336,-0.6231939391013256,0.0192773586722431
0.574252308669692,-1.179983024614583,1.6564587163669087
-1.225196380611852,1.1485418349191547,-1.0727174970039095
1.431248727881223,-0.29679560106334385,-1.2453907489615892
-1.1550998163416824,0.29028047843695326,0.4291229214676163
-1.0873244704715235,-1.6655781979238244,-0.20563733284121155
0.7898442534574922,-0.8909342499232599,0.9087444884061993
0.04533189504370023,0.5769683988539185,0.37062447768093376
-0.6483089996130633,-1.6910429825380833,-1.1755227745061132
0.7487915537853767,-0.484135096815234,1.4215749397814612
0.7508064957320099,-0.5868181577580507,0.0025766782052418264
-1.0610229150633947,-0.05871655155594795,1.4889087355737352
1.0487473969492027,0.4736841323242239,0.33418061700138796
0.7053001275131119,-0.8753308814219137,-1.5478264804767916
-1.0720746268887633,0.990415401933237,1.3525265475842063
-0.02818278827797493,-0.6197938166431186,-1.479918109968993
0.20985545297073668,0.9436226477637741,0.35849077916843175
-1.623243848725722,1.60499829463034,-0.22350749813683754
0.6275693460174029,-1.5238993725411756,-0.36875681142479233
-0.18319763877368003,1.1011258039021101,-0.7057741474532785
-0.5378306319000327,-0.36917585995879815,1.6310188275147701
-0.47666589090397105,-1.6252762916529837,-1.398205786572924
-1.6194674885152294,1.527489336363549,1.177643754142695
-0.599053890297581,-1.5943841837607324,0.8444449168163659
1.3343453099300104,-1.5571209865261062,-0.5867276551120891
-1.0948164983060535,-0.1934783600877722,-0.1002402153519478
1.4664287337367614,1.1646771124028419,-0.533077460309409
0.3623447627336138,1.4584251656623717,0.7641866234309999
-1.1159810644429173,-0.027134185800426133,-0.6501607482017397
-0.46134265820186493,0.5610881450693691,-1.4742519145693598
0.43341983475712176,1.447820652157222,1.0244703060681608
0.2798264208217065,1.2185938837200185,1.062533736008928
-1.0194084230798524,-0.2905992130085173,1.1497265206011356
-1.6332485666706331,1.5336404959142518,0.08154496106056286
0.9387737773636708,1.6395627021935804,-1.680695897368391
-0.4080967364809999,-1.431697060334665,-1.144696947757449
-1.0241296112599563,0.01784162376188131,1.3657565479203966
1.0813881454152285,0.28942146576978406,-0.7792190839491766
-0.5582355361762606,-1.1309740303850704,0.9346674106881894
-0.4341602913773198,-1.2845768856957558,-0.09051820112604284
-1.0028364788954447,0.34999176932901477,0.23916684168807956
0.11049503780057555,-0.3653263208628648,-1.644238989841745
1.6890562859073714,-1.0814919463818111,-0.7124447852631465
0.20893997436946146,-1.34800614037546,1.2849054469381629
-1.265294706715785,-1.2792077675007605,1.1615242610648266
0.8394952919977402,-0.6346296575446635,-0.03369572637385389
0.816014977518009,-0.5500998674249115,-0.5231792932923772
1.1425409070559167,0.9742800844788821,-0.5963331459332092
1.528538186393949,0.742930877654048,0.5548392360460642
1.7178274807156242,-0.6809082547892411,1.5530383467334206
-0.6258540679273765,0.6036878119156753,-1.0159325493480424
0.9518719516422511,-0.6963508087614384,-0.7704877256205971
-0.905285540487875,1.6695390814124025,-1.1146920295596239
1.662759206317684,1.090290724004145,-1.7009523537774613
1.4966435097664879,0.8778318244187111,-0.7504761750459183
-0.6755181456465694,-0.3790229530233114,1.3573554495248192
-0.03316319332609268,1.380392059497454,0.8148309082886589
-0.4858029295814506,-1.3589961520010052,1.590994518664404
-1.1148407842846824,-0.4267208920783047,1.1293454448335385
0.5024255297417374,-0.9537840312035837,-1.4528914958768477
0.864331053496353,0.49263567225532967,1.0081548284415045
1.4416055415084854,1.30738114645636,-0.4280333005881746
0.4322815148189816,1.0190501528203317,-0.2111030322412024
-0.04994231243625548,0.5121418194269866,1.331838361755539
-1.4075654155666821,1.5808679297395178,0.2396814026497375
-0.5888420446968602,0.9683962365590101,-1.3285168661821882
0.22239033520729923,0.021899716929724974,-0.02451750777952003
-1.047361814343555,0.08808702457030224,0.013628899526056969
1.7088399127450151,-1.6016398737722646,-0.03791610426580035
0.9613205934505645,-0.9803645190964839,0.13409777909034792
1.3371001500161477,0.5796626897927865,1.315459912801023
0.053988810967642124,0.887446257711374,-0.30087969586509944
0.6122333476392091,1.3214051929211454,0.6382937441904498
-1.5974020837850031,0.8081860689861922,-1.37717846734042
0.2211538120449265,0.08196542807061183,-0.17761405579866205
-0.1936076312638794,0.9571751114844774,-1.2671460152192113
0.7435203290327246,0.837317051986136,0.09668622993677885
0.7031885110278584,-1.2719260552296474,-0.5376304706473319
-0.7503296828839557,-0.34350703897427753,-1.5996085574063343
-1.6101569920581658,-0.2153916580676995,-0.34983714918696934
-0.2298369116439173,-1.587335121099436,-0.013886524945895628
0.5853209504614624,-0.10349793430621976,1.2426074557667688
-0.2002985465541169,0.772644490042445,1.436000961691106
0.3681752394305933,1.2893802302690147,-0.22074107788884245
-0.10823937492824291,0.866666219617754,-1.5929955554592095
0.44231461862771204,0.6380767648459023,0.9945968610342044
-1.0293629010965466,-0.1037538444734695,1.031386983344732
-1.579858861323163,1.5241576531729308,-1.6297569015360462
0.9658168639047653,1.1814709604949147,1.387309601527382
-1.4921277673716777,0.8288190861570831,1.4000661143094513
0.7696091508486103,1.6194809746978251,-1.2731744210513174
1.564544237160744,0.6216120230368541,0.11755484452615397
1.7722230211125611,1.226842542332877,-0.9210325750064102
0.030121325633977142,-0.3005819397590261,-1.5019181697325594
-1.4381300236239898,0.1576058385821027,1.5417482709454684
1.1479716858401632,1.343318401475172,0.5527699867346585
0.3009706109957109,-1.1850805014747305,1.2544527159293457
0.26072549060572414,-1.1019587878730708,-1.3554179506469122
1.4649833269534878,0.11673144598782799,0.2400533718373695
0.5434854775884238,1.1573135442691869,-1.136214875460026
1.4514242250077352,-1.6683229518306062,1.363527530113344
1.6277281716076744,0.3474436165708426,1.0374605287380312
-1.5066390137675554,1.6051469177671203,-1.6786531987577733
0.8574424347122132,0.6621736007825177,0.24839680557327398
1.6904663257012824,1.6592595158859034,1.4687060632508926
-0.24227492851780008,-1.5712316927857108,-0.9286666559557515
-0.6751669962352639,-0.460042202054196,-1.4244187575182365
-1.4494205547603456,1.3357652727889002,0.5196394442421746
0.8699799842993443,1.5313823621909517,-0.1906381662593
1.1606976624996728,-0.9148306603990813,-0.04359287290395638
1.0533572610938993,-1.5809071189460728,-0.2904765961363362
-0.3072970348517055,0.1586992121456391,1.0145267113844862
-0.5246547712977764,0.7137628238922612,-0.9755844009864412
-1.2287924432735402,1.4827784202066796,-0.14060169131369088
0.14048107264608892,0.42338670157580116,-0.35825710174232206
-1.1528263702391999,-0.33742650589964734,-0.8951882622145547
0.9352822995432636,1.2733568181509167,1.225533304995605
-1.109805112472352,0.6808936929337126,-0.7832268676591809
-0.3177171162483203,1.2711534259506418,0.5065215429314812
0.5408154010612477,-1.3745729389921577,-0.06511818546899567
-0.33418733027751835,0.315027959950256,0.6786357199336471
-0.7565109911847115,-1.421057166691421,-0.9850469283284901
0.9645073461788264,0.05288887631291666,0.3493561310770693
0.4483751014596185,-0.017461793684726785,-0.1466462797946936
0.7930843587788218,0.39214276610837046,-0.8296435318227322
0.946004119478503,-1.1892529954356836,0.7011738096116737
0.044511857776198045,-1.5452280439542052,0.9842545956696784
-0.9079369539336053,-1.0769674483650191,-0.00617263974020149
1.2890995295819692,-1.5484005690272402,-0.6890761533381269
-0.6734435200738934,-0.7992289841472684,-0.632711082748663
0.9099190668532429,0.4742073473476156,-0.7346084154658908
0.2419673916860899,-1.238454406765612,-1.4922360017429184
0.32137702860790124,-1.1040988831337704,-1.406228246126103
-0.6039678058940943,-0.11041534476650063,0.25174206112078207
-0.19913904898275248,1.4732403139525125,0.23544746909686112
-0.8011542074108325,-0.9979701602703785,0.6673710133554454
-0.2006670895610294,1.3755894062819245,1.187072416840444
-1.5767488909986114,1.062273382406114,-1.487008652076403
1.3142102545965135,-1.12703079055959,1.5417912791254225
-0.5734708352677946,0.6878557272570849,1.6527681427473815
1.6668843899093158,-1.1395200633131188,0.19885752765362188
-1.6843412862503229,-1.5170401600504684,-1.6319043867944396
1.2919477119372214,0.521844741341881,1.4783596020549934
-0.5049711844095479,-0.9838041288482542,-0.3593642790020966
-0.8303830959940558,-1.68669017547559,0.643737705653058
0.014976071427622402,0.3770364670714874,-1.2299795852560071
-1.4434550466328475,-0.5974856450500896,-0.06344046274915904
0.8145829148135487,-1.5335472517981,-0.13215433402095714
-0.22753690541384403,-0.2349531046580565,1.5228219125705973
-1.141658244573977,1.2023985655512321,1.6341929734780698
1.7027047559582738,-0.04262523740313261,0.6441102310367017
-1.1425886301275354,-0.5637762232786196,0.7190739380101773
-1.4062928507280512,-1.701290953961677,1.390891471163651
0.8079846747803568,1.627901944826535,-1.4901905474772026
-0.49189952351189686,1.5269048036260993,0.8152821834028028
0.44296980204805025,0.3204023451275508,0.31962425052242505
0.399094237175467,-1.340637175862937,0.5208986209536763
1.3638989032681803,-1.2649616250373574,-0.4522567615321679
-1.6540991639816052,0.1721493960088322,1.1953104013949643
0.59557950365216,-1.3678743445646055,0.7434280818703898
-0.2320622160107014,1.011795476302339,0.5561840621778776
1.43679670019778,-1.0945882150492763,-1.1814948359122368
-1.6106412788578184,-0.7500240760613891,-1.4143505641036234
0.479201113814743,-0.48789050939238954,-1.3531489183151573
0.18956355072576198,0.2985313300167814,1.543616400596074
-0.23031567699998395,0.5054840160819791,-1.5222050457745506
1.0431679969216794,-1.016030172751116,-0.6884851511657667
1.0536403334113769,-1.5271029629526056,-0.0857287087703821
0.9359648569715063,0.3458874009675307,0.21557959681864894
1.3862664092771724,0.5609378509554407,-1.2522415957087967
0.0903807470551715,-0.9830786056778751,1.2991711305405798
-0.17473559747288958,1.6543778474351114,-1.2582360284485923
1.0151722786488386,0.2463587942911557,0.2773912308060407
-0.8273744267671067,1.330761962418198,0.6456755640386344
0.7517013998715403,-1.1693934567517916,-0.5521023205213603
-1.4293418896459096,-1.060571328062706,-0.9057417731388703
0.47078374592642924,1.1289418853976096,0.666031557884996
1.1482600670434575,-1.669761209590122,-0.7106157125542449
-0.5187057454152935,-0.5481103447178759,-0.03892251337696243
0.1600502858025098,1.0519899905350232,-0.0329085231651517
-0.2881973748192728,0.11381441680978406,-0.4666259295892995
0.639581500104453,1.4396678211876577,1.3752814910750724
0.5666490611076042,0.1940451746418859,-0.6241506338554207
0.5656608112104012,0.21708991113286655,-0.7239974270959824
-1.0908204523676817,1.2890680176902947,-1.5775437018966814
-0.5561945284305424,-1.3065810478427644,-0.5054198933772219
-0.2869177355362022,0.2083809184702601,-0.8293887606913503
1.7306453846855903,-1.2659058456834003,1.540703451632151
0.7019562829766812,0.04542219909976428,-1.2316445774864995
-1.267870198001039,-0.7272011022543063,-0.541941739273044
-1.5713203964865061,0.8034790293337711,-0.8665719753839315
-0.9090552359500446,1.1414017207706142,-0.12412061568533408
0.9163090641134272,-0.08598648062330769,0.266698912555224
1.189280809092821,1.5633866376514303,-0.7934661965956619
-1.0044283642503773,-0.28105494212570137,0.4742590263486461
-1.660518250014929,0.12375253290784599,1.6124911888368008
0.197272028512149,-1.0499172990299601,-0.16558016757946256
-1.6848352380269622,-1.173861785818495,1.289847102132384
-0.45374539944532427,-0.07151780079027033,1.6800414476750714
-1.4413747625163011,1.229334806951838,0.7848608253890783
0.3993746714462533,1.424010920784085,1.3556624290319435
-1.0735451558164937,-0.4379616441055934,-0.5828289620675147
0.2112787716074479,-1.281572695734609,-0.7252729513409266
-0.7953087330590917,0.03669081100756517,0.16221790027439906
0.4230554021216949,0.8938315359632972,1.6477023251331442
0.11648359112532282,1.3251213969832076,0.939158642422135
0.3633226694086067,-1.6635620500098487,-0.6697779020228123
1.1548482425901323,-0.9825859485686396,0.8232344499981713
-0.3043093730164064,-1.3085213940954097,0.4417837236043399
-0.251725432517761,-1.3661234863753995,1.3275573428404415
0.7607823177860901,-1.4379423318385638,-1.0824333948437126
0.8493307823173344,1.4073710559630712,-0.6329681528689441
-0.698965260926165,0.3688871965399544,0.8867749576766544
1.5000399889509861,1.5006703272375004,-1.5790422807570976
1.7286158759209667,-1.4780558241729749,-1.2296532419777086
-0.27811199184641777,-0.07735980213098397,0.24230121453072342
-1.0579488399305992,1.256645680209724,0.5872695086983554
-0.041992239529079864,-1.0897864750618824,-0.11185037615786339
1.5249848076207646,-1.5559813855304896,-1.464027643771896
-1.021872003903292,-1.5627745708817802,-0.9599605936063221
0.722716021277962,-1.1514860397469828,-1.283671351319521
0.40726707222926717,0.7516316329717725,-1.2515950689719673
1.1686485112618923,1.24737517283322,1.6773107172384587
-0.40574112335242096,1.5075484187552506,0.8081319739216116
-0.28171640925291047,-1.1021822543913609,-1.2397516364272756
0.982368241651109,0.15884394390080872,-1.3258613030155237
-1.560701009999538,0.9703687812168579,0.7471835255089346
0.1713021752063,-0.5071696882087886,-1.4593179537664083
-1.282501677787897,1.4150100579027187,1.0561431568467754
1.338761125192962,-0.7242129171582103,0.06481558782331205
-0.41806195715966343,-0.9505160886946992,0.41792420683135356
-1.565865419816055,-0.45600201371305465,-1.1911514450272451
0.4955216443351026,0.0647936573158675,-1.3872902629142039
0.767096614060303,0.6229058671128694,0.8178925576518347
-1.4009496621408406,-0.8750126803564692,-1.473196972488634
0.4223491354145206,-1.262900406469522,-0.661688932387199
1.5253294247093652,1.2387108368909487,1.1873944876892097
1.254744795224633,-1.3080367992053339,1.415508208299886
-1.1345635385961081,1.0853981178172627,0.4264551099389211
-0.07749496689499474,-0.39433892192345454,0.9349680274841957
0.7462609148755656,-0.40129867588636353,-0.12754245064157405
0.9973223138717395,-1.475761180970852,-0.8437607628292598
-0.9426692631715435,0.29314668253993353,0.005574050507448768
-0.8865290658403109,0.5642468579055886,1.4222669408863362
0.6989896076016908,1.1581327139715971,-0.051259026688659746
0.4102971263097177,-0.5813661742717875,1.467377383822873
1.3971053320422442,-0.863417933869586,-0.044240656085532806
-0.5072757365780548,0.5468114623060022,-0.8270568786187704
1.0017067418909842,1.03211413941518,0.6680545428530176
-0.5876154900856914,-0.23846241275344718,1.4130962006435144
1.0545034219124192,-0.5974042563023837,-0.8165317289255888
-1.374580014777632,-0.010340607340992769,-0.280874271615888
-0.7147867861813155,0.6128240998226024,-1.262136597786713
1.7776811330885964,0.5310871737279055,0.6518814357473838
1.1113093182209084,-0.2654186740387966,1.6934737978387608
-0.7108667122897827,-1.6771647592309347,-0.1961930176848396
0.4312045428973579,0.49584123816619813,1.311920199690839
0.7681939500836933,1.35054133315342,-0.44417185546325255
-1.4591686958375258,-0.004904379749943737,0.5557817752017837
0.4653729572706547,-1.7137765141853964,-0.07998003154458871
0.13782759013728973,-1.5004629949801562,-0.00572510890765223
0.729692987415517,0.7125428547559018,-0.3398566821797072
-0.84200383958403,0.9556339045281355,1.681798851430358
-0.884758534977557,1.0806584038377072,-1.6825274309553124
0.4556012433520012,1.606623901683841,-1.1318487883732762
-0.5894467138139851,-0.17786791474584435,-0.2518935565807645
-1.2324215352426455,-1.4268301850957184,0.10573951002363866
0.12918011006192062,-1.183901472125349,-0.9349034438572391
-1.0552301378048896,-1.3638473560283555,1.3180688022722078
0.9285185072538261,-0.270838735527186,0.09652482212657218
-1.2707750390546877,1.3364366600934898,-0.5090869161462969
1.6322940956345442,1.4576064705269558,0.4636168113510161
1.6973825239693254,1.4370999981187174,1.1537768611349672
-0.4819519155102108,0.6022057642573375,-1.2189009167127314
1.3153601342166379,1.3602501487093868,-0.32509441493273655
-1.2379746946943855,0.21072349124518341,1.0657956288710109
-0.6824953301677835,-1.1772436501499457,1.232448411716242
0.7496802308509266,0.4933378454423748,-0.5291054916740257
-1.136160071755334,-0.9192624369676837,-1.4963340600821715
1.1630254613644728,-1.4005593970492274,0.4925405118699076
1.0343614616783452,0.6106725316253483,-1.3348116539586679
-0.021893574727526167,0.286318766743265,-0.5292269956541099
1.426334886939826,0.30307143420815097,-0.03655608792394671
-1.0976229344968835,0.6133394531576417,1.533028224431976
-0.29877629474447187,0.3364039901685009,-0.9240899511231186
0.4618706282941603,-1.3613856567757094,0.4785779088007863
-1.0593562273747357,-1.4205146668370894,0.11001233168515773
-0.5718620356449664,-1.3095626550541555,-1.0801750808243729
-0.5329202334665372,-1.4891487253780793,1.4100780911482793
1.0802933232459053,0.05581771885565953,-1.5578222322542243
0.45543574167983003,-0.5438362280442877,-0.60946636816341
0.7139075069763259,1.3852855880583024,0.02139500588676365
-1.0706674777130598,-0.08420191903164169,1.5387060748271235
1.0728171697404738,1.620551825806342,-0.9718400159133913
-1.6216508042280044,0.7688143953213875,-0.1925996197459291
-1.1474680777357862,-1.3938701245943352,1.6062239980495425
-1.1023011740070185,1.3592578240422906,-0.2407960988920573
1.3268755886257018,1.3285403906775644,0.8426678780483968
-1.404010716723585,0.19346054705878477,1.3616827763531238
-0.6184298115890942,-1.2006558186970109,1.0513843641962988
-0.36209742645755655,-0.5393126720480614,1.4876146172263918
-0.7443726884399121,-1.2615740554012005,0.34338518512647165
-1.3993355445619478,-1.4059299809482815,0.15537099802573498
1.2565582335923848,1.2964687781914677,0.8348314676949107
-1.3081858238692783,-0.6763637009818518,1.1498775090968318
-1.3507909515740542,1.268407493925368,0.2021353405202671
-0.5278036592299693,1.0077589872803623,-1.2124086414328317
0.011612919822151497,-0.09333957000608292,0.570920830867188
-1.0330532210758125,0.9791532896489006,-0.4882448396633084
1.3526526273012203,-0.809587066969357,-0.9219108888403245
-0.9876198247448609,-0.6999433127529415,0.8595125193349303
-1.5275227572525987,-0.15550487562056695,-0.9209337954117136
0.06785068476255823,1.2763212501696575,-0.8964653474845347
0.3266507612840739,-0.20010262194539727,0.03466430211790127
0.3066890055938786,-1.4036319507401767,-0.44460404222982636
-0.5607292989470148,-0.2377501710229668,0.8800707288954325
0.1809334401749575,1.0273675745309347,0.24043326937108397
-0.15727694167586212,-0.9856699372578827,0.8957044170942902
-0.4582958778867332,-1.41538982836126,0.12690574598374418
0.6976933732536765,-0.399585999508067,0.4564493938323943
1.690954437598866,-0.6206327996022449,0.6216443562966254
0.5336941262343962,0.8376751566498096,1.0903651220236403
-0.37640729339740575,0.9333577890718309,-0.23623108983356947
-1.3291556817871522,0.46716927458751706,-0.7509107574719345
0.41882460944849004,-0.6561374984916569,-0.8925956801108824
-1.4680518038571888,-1.7147741949219582,0.9844249768209219
1.5613495734321097,-0.5945720204922201,-1.2978832202687565
-0.6336792225908046,1.0845477720102856,-1.0868375239676207
1.3635191194333798,0.19333431731919107,1.516353566722058
1.393983913006702,-0.9112096156572008,-0.47332688859152167
-0.7232765255769417,0.727084863488627,-0.3512449466466424
-1.5808596877817864,0.2704985079146615,0.12240952618593604
1.2639366007561281,0.30463969148319536,0.9966702079512321
0.1950206283446911,0.03834199962709953,1.5988605033962608
0.6638907783709586,-1.424181157550624,-0.29337652112731566
0.5454131027013362,-0.9985100810004428,-1.5670505042006828
