timestamp,temp,pressure,flow,label
1/1/2024 0:00,18.1628632,8.009058242,34.68142032,FAULT
1/1/2024 1:00,72.68914501,9.431104237,4.166547178,OK
1/1/2024 2:00,46.79274128,8.872769072,49.99136886,FAULT
1/1/2024 3:00,65.94679269,2.511299769,21.46497908,FAULT
1/1/2024 4:00,86.70766788,4.621792354,6.105859563,OK
1/1/2024 5:00,17.53709399,1.303135991,42.4799347,OK
1/1/2024 6:00,18.0557134,3.670906116,13.96524336,OK
1/1/2024 7:00,37.19366353,1.114533424,30.72907263,FAULT
1/1/2024 8:00,4.931175135,2.479337788,36.99188126,FAULT
1/1/2024 9:00,86.60149491,0.063563873,42.01852221,OK
1/1/2024 10:00,59.58907355,8.306664354,13.54755857,FAULT
1/1/2024 11:00,81.8868452,5.639439351,23.46997351,OK
1/1/2024 12:00,33.48721766,7.207477784,37.16384827,OK
1/1/2024 13:00,87.70230815,8.024910297,14.61650326,OK
1/1/2024 14:00,33.88450856,9.727754973,18.36627074,FAULT
1/1/2024 15:00,33.16977726,4.877179167,29.91766301,OK
1/1/2024 16:00,85.24756022,3.317831665,28.86678932,FAULT
1/1/2024 17:00,83.77276836,4.190565382,15.51495427,OK
1/1/2024 18:00,75.06360873,9.715523233,21.82959511,OK
1/1/2024 19:00,39.57486743,9.680963355,29.06068232,OK
1/1/2024 20:00,46.02087614,0.430932892,34.83276098,FAULT
1/1/2024 21:00,48.35372035,0.357703463,23.58680451,FAULT
1/1/2024 22:00,22.67224429,4.960183905,4.98733564,OK
1/1/2024 23:00,85.05759721,9.175912834,2.231910485,OK
1/2/2024 0:00,21.43741187,8.542492199,26.52085319,OK
1/2/2024 1:00,50.3525254,3.010760521,13.18690272,OK
1/2/2024 2:00,54.56861523,8.709060078,48.55787358,FAULT
1/2/2024 3:00,74.50258703,0.882342278,27.37798712,FAULT
1/2/2024 4:00,67.05703363,7.249316618,9.828122679,FAULT
1/2/2024 5:00,38.0237018,1.066496021,41.83828344,FAULT
1/2/2024 6:00,96.06809014,1.508506708,36.06340647,FAULT
1/2/2024 7:00,42.0079895,6.680247357,2.053880097,FAULT
1/2/2024 8:00,14.79554811,2.728652789,3.995339474,OK
1/2/2024 9:00,35.78795142,8.300373421,6.628790485,OK
1/2/2024 10:00,3.267431787,7.92571639,1.405701905,OK
1/2/2024 11:00,72.66821901,8.825035982,43.24250498,FAULT
1/2/2024 12:00,42.7914086,1.298638533,36.18527664,OK
1/2/2024 13:00,30.41751953,9.536913199,38.46652518,OK
1/2/2024 14:00,49.56368084,1.066847392,3.053995149,FAULT
1/2/2024 15:00,62.04879274,8.75438408,9.423509472,FAULT
1/2/2024 16:00,51.36334201,0.099252054,18.98704969,FAULT
1/2/2024 17:00,11.65712469,8.680841147,25.88549257,OK
1/2/2024 18:00,68.58197039,1.400106139,47.5785754,FAULT
1/2/2024 19:00,82.32477094,4.296839531,47.6732193,FAULT
1/2/2024 20:00,94.31222958,9.8597482,0.68498331,FAULT
1/2/2024 21:00,2.508743069,9.616718224,35.41204084,OK
1/2/2024 22:00,68.06005576,3.967931282,1.926853803,OK
1/2/2024 23:00,28.33589567,7.001406826,19.85590847,OK
1/3/2024 0:00,20.46309241,7.549985434,25.21176596,OK
1/3/2024 1:00,53.63963857,2.944846499,9.172208867,OK
1/3/2024 2:00,93.34282083,9.246212362,24.17667571,FAULT
1/3/2024 3:00,28.25994312,6.400841061,19.29100951,FAULT
1/3/2024 4:00,22.0894,8.845987976,2.124749962,FAULT
1/3/2024 5:00,94.93276146,0.838680493,10.82622327,FAULT
1/3/2024 6:00,97.47504454,6.282341143,1.947132543,FAULT
1/3/2024 7:00,33.62479411,6.117795496,19.35195541,FAULT
1/3/2024 8:00,45.18427446,0.601587837,13.79752809,FAULT
1/3/2024 9:00,14.48225177,3.165839077,9.94065022,FAULT
1/3/2024 10:00,31.06744162,5.915933158,38.13265792,OK
1/3/2024 11:00,76.177995,6.553563641,42.38808335,OK
1/3/2024 12:00,74.24302176,5.218173557,27.20497096,FAULT
1/3/2024 13:00,19.00246976,4.290429896,14.08503156,FAULT
1/3/2024 14:00,76.18306044,9.669143187,14.91029254,OK
1/3/2024 15:00,4.925807864,9.252013031,16.81082052,OK
1/3/2024 16:00,71.4952196,8.472463133,0.508039135,FAULT
1/3/2024 17:00,31.66735689,8.447881879,31.97863067,OK
1/3/2024 18:00,46.92738933,1.776770762,42.53313406,OK
1/3/2024 19:00,84.11432261,3.3566829,49.31558275,FAULT
1/3/2024 20:00,64.03299815,7.5991184,49.37139826,FAULT
1/3/2024 21:00,14.47855179,5.855040188,9.399491422,FAULT
1/3/2024 22:00,35.10013301,7.682457574,48.39227091,FAULT
1/3/2024 23:00,41.72309712,9.910951008,35.97574854,OK
1/4/2024 0:00,88.93773366,2.538622197,16.40870539,FAULT
1/4/2024 1:00,48.44150446,8.288709606,19.61530998,OK
1/4/2024 2:00,79.55289691,3.268461217,35.09283841,FAULT
1/4/2024 3:00,31.03372766,4.062276938,30.81434541,FAULT
1/4/2024 4:00,71.12918909,0.370273333,1.83978969,FAULT
1/4/2024 5:00,35.49182153,2.495529511,14.70138171,OK
1/4/2024 6:00,91.30056708,3.128660942,6.395105778,OK
1/4/2024 7:00,35.47549374,8.861561824,0.747250578,FAULT
1/4/2024 8:00,60.35321976,9.084605345,20.07208433,OK
1/4/2024 9:00,15.8802694,9.069887992,3.014076341,OK
1/4/2024 10:00,23.9085264,2.81335992,27.53170314,OK
1/4/2024 11:00,47.96652286,0.693940622,15.31185889,OK
1/4/2024 12:00,92.72213759,9.951656846,16.01406351,OK
1/4/2024 13:00,14.89824149,5.444830813,5.528145159,OK
1/4/2024 14:00,23.69389267,5.143285829,44.62321605,OK
1/4/2024 15:00,7.86268003,4.859645084,25.00801658,FAULT
1/4/2024 16:00,63.47428988,4.530305408,34.82106052,OK
1/4/2024 17:00,75.98511428,8.110407008,8.304438736,OK
1/4/2024 18:00,81.38559887,6.444409826,9.025528368,OK
1/4/2024 19:00,5.826137808,5.305569122,15.5134622,OK
1/4/2024 20:00,13.15913466,7.795065089,3.105917218,FAULT
1/4/2024 21:00,81.47188644,8.580493698,28.33982266,FAULT
1/4/2024 22:00,7.751592341,4.965111213,8.562128796,OK
1/4/2024 23:00,26.45202412,8.265477254,42.57090315,OK
1/5/2024 0:00,74.66933045,6.251607086,38.14602832,FAULT
1/5/2024 1:00,92.81393113,4.403989424,15.72302361,FAULT
1/5/2024 2:00,66.26606596,0.995184021,0.416197307,FAULT
1/5/2024 3:00,63.10233848,2.144088184,38.57125559,FAULT
1/5/2024 4:00,62.68498347,1.646172577,4.879649871,FAULT
1/5/2024 5:00,83.42723819,6.901653009,36.9926475,FAULT
1/5/2024 6:00,38.13316788,3.474698816,14.45711711,FAULT
1/5/2024 7:00,23.64648284,5.910203775,42.64518281,OK
1/5/2024 8:00,55.23832479,9.463288324,41.42332489,FAULT
1/5/2024 9:00,71.20636532,7.690439147,49.34848699,OK
1/5/2024 10:00,8.908784199,3.940131271,47.35492526,OK
1/5/2024 11:00,48.63190368,1.654622437,48.0409646,OK
1/5/2024 12:00,23.10021544,1.64027363,30.35993507,OK
1/5/2024 13:00,59.28873779,9.843886465,3.695987103,FAULT
1/5/2024 14:00,22.11876128,3.937387411,11.49670316,FAULT
1/5/2024 15:00,37.99805966,1.656927067,18.02911162,OK
1/5/2024 16:00,70.26703171,2.429608854,9.266470792,OK
1/5/2024 17:00,88.46255575,5.504562931,27.22095505,OK
1/5/2024 18:00,72.9429529,3.505073155,34.88204384,FAULT
1/5/2024 19:00,7.781561093,4.744346964,18.99822078,OK
1/5/2024 20:00,68.86006231,2.605318115,40.38597218,OK
1/5/2024 21:00,46.23283569,6.269259406,18.61514499,FAULT
1/5/2024 22:00,22.80395877,4.898387245,39.40011485,OK
1/5/2024 23:00,30.82975497,1.999188572,43.91059167,OK
1/6/2024 0:00,64.51167586,3.746163958,22.16363852,OK
1/6/2024 1:00,49.64549755,0.34888531,44.05540417,FAULT
1/6/2024 2:00,20.71217295,5.340581293,47.2315209,FAULT
1/6/2024 3:00,11.52660427,5.578158994,13.41212715,OK
1/6/2024 4:00,39.42280857,1.67242777,16.58781037,FAULT
1/6/2024 5:00,5.424609558,3.724793494,30.01925987,FAULT
1/6/2024 6:00,91.60865475,3.934767015,5.255496646,OK
1/6/2024 7:00,70.84003057,2.027123345,38.76983375,FAULT
1/6/2024 8:00,35.36537904,5.72765863,31.64915475,OK
1/6/2024 9:00,97.43943292,4.836115663,33.38767435,OK
1/6/2024 10:00,92.35540416,7.757929117,25.18022242,OK
1/6/2024 11:00,27.75006929,3.455751344,15.84719618,FAULT
1/6/2024 12:00,53.30364913,6.098049597,48.88710641,FAULT
1/6/2024 13:00,0.429858257,9.908526793,41.16405149,FAULT
1/6/2024 14:00,25.98700612,5.363270786,18.48924743,FAULT
1/6/2024 15:00,3.157613593,9.931266986,34.8484074,OK
1/6/2024 16:00,66.47126466,7.551622472,35.12619491,OK
1/6/2024 17:00,44.23992428,4.62606042,14.49810945,FAULT
1/6/2024 18:00,47.8106667,3.504240255,18.44409208,FAULT
1/6/2024 19:00,54.64686036,2.683136118,41.43093295,OK
1/6/2024 20:00,4.728895942,4.437101938,3.206124249,FAULT
1/6/2024 21:00,70.50069259,8.00162895,17.59832529,OK
1/6/2024 22:00,54.92958219,3.191683219,2.679118899,FAULT
1/6/2024 23:00,38.86529049,5.377013114,45.30771034,FAULT
1/7/2024 0:00,51.888162,8.44072371,32.11419236,FAULT
1/7/2024 1:00,72.72503401,8.15116868,37.73521978,FAULT
1/7/2024 2:00,56.28341367,6.713513026,32.92226875,OK
1/7/2024 3:00,94.92220274,4.069994557,9.595198101,FAULT
1/7/2024 4:00,10.35376198,1.332113613,33.67903857,OK
1/7/2024 5:00,81.00749942,3.142263176,13.50551046,OK
1/7/2024 6:00,56.69961841,8.780236185,10.63676494,FAULT
1/7/2024 7:00,66.98830502,5.798987479,13.76872904,OK
1/7/2024 8:00,15.38561761,0.586453444,3.05307758,OK
1/7/2024 9:00,48.81258909,6.490901098,27.31183463,OK
1/7/2024 10:00,89.26918142,7.077053895,6.296489696,OK
1/7/2024 11:00,75.35983788,4.44252278,18.33526939,FAULT
1/7/2024 12:00,46.238845,7.176939276,17.45875669,FAULT
1/7/2024 13:00,34.3432501,7.93842205,0.332337891,OK
1/7/2024 14:00,93.36509797,4.439328754,8.386375155,FAULT
1/7/2024 15:00,0.063248174,8.571097938,13.40601926,OK
1/7/2024 16:00,48.58918181,0.464256042,5.503501932,OK
1/7/2024 17:00,86.23397038,3.016079385,0.02622732,OK
1/7/2024 18:00,77.98653848,7.317511337,40.45315104,OK
1/7/2024 19:00,73.79983446,5.539983755,6.739382507,OK
1/7/2024 20:00,10.26589645,1.736820232,39.74283974,FAULT
1/7/2024 21:00,9.850310397,1.598277617,29.60398988,FAULT
1/7/2024 22:00,78.53606235,0.984060507,8.319382229,FAULT
1/7/2024 23:00,55.91785226,5.749783208,18.04115576,OK
1/8/2024 0:00,52.38995575,5.940327747,26.55982425,OK
1/8/2024 1:00,29.51596656,3.423250082,40.85257774,OK
1/8/2024 2:00,1.031639832,3.520469592,38.27403321,FAULT
1/8/2024 3:00,7.385011167,4.215287231,30.28391672,OK
1/8/2024 4:00,61.6824812,3.102065461,18.47299055,OK
1/8/2024 5:00,30.12913331,4.7390042,31.5609476,OK
1/8/2024 6:00,43.54957644,0.746554117,27.23371884,FAULT
1/8/2024 7:00,46.47394661,2.031613136,16.38370926,FAULT
1/8/2024 8:00,47.47340604,2.166057365,41.14607614,OK
1/8/2024 9:00,72.77923204,6.125587674,43.6979695,OK
1/8/2024 10:00,44.04044717,3.702926624,9.187238619,OK
1/8/2024 11:00,4.962932222,5.353764022,23.00276746,FAULT
1/8/2024 12:00,28.785823,7.172338863,33.11495301,FAULT
1/8/2024 13:00,13.03266246,4.235247784,10.46652951,OK
1/8/2024 14:00,86.59906098,1.971591527,12.55029364,OK
1/8/2024 15:00,0.350516952,9.245689656,24.52950213,FAULT
1/8/2024 16:00,88.37616442,2.276988982,13.28004356,FAULT
1/8/2024 17:00,11.26101143,4.749601288,1.210140973,OK
1/8/2024 18:00,60.31233046,9.218023094,30.67861561,OK
1/8/2024 19:00,55.83789184,8.851355453,48.10306897,OK
1/8/2024 20:00,65.31506362,6.566772389,22.77810564,FAULT
1/8/2024 21:00,28.20255035,2.707014789,11.09066177,FAULT
1/8/2024 22:00,73.28056709,7.668172316,20.56283802,FAULT
1/8/2024 23:00,79.24078968,6.274558978,17.89199425,FAULT
1/9/2024 0:00,91.13580644,9.838507876,11.94447438,FAULT
1/9/2024 1:00,31.16722805,4.369857242,19.82610364,FAULT
1/9/2024 2:00,52.94069449,6.489241529,2.432884527,FAULT
1/9/2024 3:00,65.06241614,4.84192117,44.60212455,OK
1/9/2024 4:00,29.3585811,5.823223363,10.6169925,OK
1/9/2024 5:00,16.6009931,3.911654638,12.54721856,FAULT
1/9/2024 6:00,55.14987183,4.384757787,39.05752644,OK
1/9/2024 7:00,72.49577434,4.198679079,2.907409389,FAULT
1/9/2024 8:00,11.31438802,1.249954036,1.343747113,FAULT
1/9/2024 9:00,8.346146834,7.853505086,2.062145842,OK
1/9/2024 10:00,60.53850168,5.65260717,7.486628794,OK
1/9/2024 11:00,40.41819538,0.883211558,48.03712284,OK
1/9/2024 12:00,78.31512991,3.386813882,3.409964547,OK
1/9/2024 13:00,77.5217361,5.470183758,35.71677394,FAULT
1/9/2024 14:00,86.82078991,6.073475508,34.07413694,OK
1/9/2024 15:00,95.88547258,6.209292665,44.25984167,OK
1/9/2024 16:00,27.98635285,8.379659843,44.97640738,FAULT
1/9/2024 17:00,29.9848212,4.450331282,25.74296018,OK
1/9/2024 18:00,86.89001473,8.462449965,45.62298522,FAULT
1/9/2024 19:00,36.07430882,9.678084275,1.070851432,FAULT
1/9/2024 20:00,79.99261235,0.650723818,35.02526261,FAULT
1/9/2024 21:00,9.461046276,2.545982487,4.773740403,OK
1/9/2024 22:00,84.14829503,6.106560267,42.81732652,FAULT
1/9/2024 23:00,65.30375083,3.910174056,37.54592209,OK
1/10/2024 0:00,53.80654102,5.046018559,49.07367183,OK
1/10/2024 1:00,58.74707657,6.226762485,29.10697103,OK
1/10/2024 2:00,33.30603957,7.3882563,7.688597111,FAULT
1/10/2024 3:00,15.50294809,8.51313073,1.138370559,FAULT
1/10/2024 4:00,62.5467035,1.890098114,33.88274434,FAULT
1/10/2024 5:00,31.36390066,6.413566624,37.6140059,FAULT
1/10/2024 6:00,2.416208589,4.396885873,27.38166406,OK
1/10/2024 7:00,97.2522127,2.938059825,39.41318806,FAULT
1/10/2024 8:00,75.08879901,8.006308447,25.50981124,FAULT
1/10/2024 9:00,4.234527006,7.723308248,13.62985136,OK
1/10/2024 10:00,64.14808254,1.334432108,25.15529375,OK
1/10/2024 11:00,30.04544731,2.867967716,30.8795701,OK
1/10/2024 12:00,57.57088683,3.102207812,19.54211155,FAULT
1/10/2024 13:00,86.23179966,5.666090835,29.69963309,FAULT
1/10/2024 14:00,22.5586341,0.167633544,5.73948525,OK
1/10/2024 15:00,64.60057527,2.815263347,41.03857134,FAULT
1/10/2024 16:00,73.89588636,7.201064783,48.67784607,FAULT
1/10/2024 17:00,95.4968105,3.481884217,14.46729745,FAULT
1/10/2024 18:00,59.00032223,9.530706942,41.29188498,FAULT
1/10/2024 19:00,19.52279433,1.937991745,8.499035478,OK
1/10/2024 20:00,50.73535606,1.232222608,20.10269709,OK
1/10/2024 21:00,17.46786961,7.779955549,49.82361681,FAULT
1/10/2024 22:00,39.62087225,6.706614333,5.873530332,FAULT
1/10/2024 23:00,42.94612195,8.087596564,9.303099823,FAULT
1/11/2024 0:00,84.13001926,1.011443436,15.35978338,FAULT
1/11/2024 1:00,95.30535638,7.949929619,12.16644855,FAULT
1/11/2024 2:00,93.23046255,7.405843565,3.511374405,OK
1/11/2024 3:00,3.016647205,0.644345405,39.94508491,FAULT
1/11/2024 4:00,64.55104357,6.797430914,27.40007963,OK
1/11/2024 5:00,84.60310789,2.465725272,0.058916207,FAULT
1/11/2024 6:00,3.68805026,8.752680942,49.67730589,OK
1/11/2024 7:00,63.17367087,5.140415961,21.0116558,OK
1/11/2024 8:00,46.32033384,2.209455043,9.389129121,FAULT
1/11/2024 9:00,44.50010654,4.777819849,12.42799034,OK
1/11/2024 10:00,41.43204885,5.356932639,16.88355869,OK
1/11/2024 11:00,4.927548641,9.912807179,5.631371414,OK
1/11/2024 12:00,37.26530956,5.304557966,48.16497133,FAULT
1/11/2024 13:00,81.80154137,1.693770581,39.60304669,OK
1/11/2024 14:00,5.977085995,7.793328356,18.88859507,OK
1/11/2024 15:00,17.08599501,8.761524261,2.536265786,OK
1/11/2024 16:00,37.55193202,7.534697004,17.77658392,OK
1/11/2024 17:00,87.03441417,5.688702034,33.18946671,FAULT
1/11/2024 18:00,31.86955814,2.482204382,10.46739651,FAULT
1/11/2024 19:00,90.04053049,2.761046437,19.784881,OK
1/11/2024 20:00,96.07311838,2.659426754,0.624329737,OK
1/11/2024 21:00,29.42408784,4.329674305,3.074226713,FAULT
1/11/2024 22:00,30.45566013,3.702988402,32.8908131,OK
1/11/2024 23:00,9.940397367,4.846175814,35.75131265,OK
1/12/2024 0:00,58.88460747,8.537465869,42.60429172,OK
1/12/2024 1:00,28.3378331,7.100660811,23.10533073,OK
1/12/2024 2:00,73.84679631,4.986172173,39.17251272,OK
1/12/2024 3:00,7.986774436,8.93427591,47.73555247,OK
1/12/2024 4:00,62.86376411,6.682464474,49.66877985,OK
1/12/2024 5:00,37.90217312,3.659524217,43.45435781,FAULT
1/12/2024 6:00,49.64232918,2.699731875,41.85991162,FAULT
1/12/2024 7:00,17.59800798,4.148771653,24.4420644,FAULT
1/12/2024 8:00,25.77347721,0.232120738,45.19436712,OK
1/12/2024 9:00,33.32575445,5.604645149,41.4145306,FAULT
1/12/2024 10:00,27.95818385,0.962615408,12.47356351,OK
1/12/2024 11:00,77.87972141,9.538534569,40.08609747,OK
1/12/2024 12:00,15.30057175,7.898431055,19.75190658,FAULT
1/12/2024 13:00,98.93324961,2.602259227,42.51132441,OK
1/12/2024 14:00,25.99648343,4.556135495,31.36875115,OK
1/12/2024 15:00,28.46283611,0.970014901,10.7404931,OK
1/12/2024 16:00,94.5286726,4.066944276,4.823000066,FAULT
1/12/2024 17:00,58.74485264,5.345320717,5.158643099,FAULT
1/12/2024 18:00,14.68723763,1.427462515,11.43697469,FAULT
1/12/2024 19:00,14.88844326,3.005530701,15.68287597,OK
1/12/2024 20:00,1.638264422,9.304167442,24.82530322,FAULT
1/12/2024 21:00,42.49224037,7.764476943,22.99730456,OK
1/12/2024 22:00,94.12927573,9.063565415,6.747472805,FAULT
1/12/2024 23:00,51.5590745,8.948523006,16.15597869,OK
1/13/2024 0:00,74.5639973,4.088168336,20.28317883,OK
1/13/2024 1:00,98.88770232,7.049662575,1.847718722,FAULT
1/13/2024 2:00,94.49290002,8.914403461,25.20475679,OK
1/13/2024 3:00,55.33745716,3.083906154,47.91994397,OK
1/13/2024 4:00,13.79440416,3.970906961,36.05966456,OK
1/13/2024 5:00,35.68573874,4.937228875,48.99849658,FAULT
1/13/2024 6:00,98.95667433,8.456950708,26.88437722,OK
1/13/2024 7:00,32.86143495,8.139756578,38.83878076,OK
1/13/2024 8:00,98.14175775,0.522802859,33.16771499,FAULT
1/13/2024 9:00,32.13842279,5.213242806,46.84181023,OK
1/13/2024 10:00,55.74214532,5.151205846,21.94550758,OK
1/13/2024 11:00,78.68483706,3.063592489,14.80708517,FAULT
1/13/2024 12:00,73.52064291,5.989633107,19.27560013,OK
1/13/2024 13:00,50.6222865,4.112366358,0.69010025,OK
1/13/2024 14:00,93.3127581,8.371007029,36.40475505,OK
1/13/2024 15:00,37.07855927,3.598412848,6.654859565,OK
1/13/2024 16:00,59.78381647,8.880734694,35.18988575,FAULT
1/13/2024 17:00,23.97289721,2.268406711,46.68874616,FAULT
1/13/2024 18:00,74.9280909,5.940315692,35.90286733,OK
1/13/2024 19:00,59.31048887,0.025499132,46.59047361,FAULT
1/13/2024 20:00,47.37660196,2.096176463,1.813084233,FAULT
1/13/2024 21:00,2.309649467,6.632126206,31.10621689,OK
1/13/2024 22:00,52.03317011,4.974929237,13.9879193,FAULT
1/13/2024 23:00,40.96410865,9.28292211,2.817771264,FAULT
1/14/2024 0:00,91.92386056,3.360001976,1.700255707,FAULT
1/14/2024 1:00,66.27114948,0.543260218,35.27772452,OK
1/14/2024 2:00,53.44613733,5.460499136,7.960445803,OK
1/14/2024 3:00,83.62556055,8.743792124,29.56187695,OK
1/14/2024 4:00,97.21153023,6.454042776,18.20417856,OK
1/14/2024 5:00,27.78138645,3.721634223,47.91684848,FAULT
1/14/2024 6:00,7.401349167,1.259534288,39.34071762,FAULT
1/14/2024 7:00,65.76228425,7.748127318,27.04152961,FAULT
1/14/2024 8:00,26.35682992,1.932087718,8.537861405,FAULT
1/14/2024 9:00,78.60554614,9.973395771,40.57809079,FAULT
1/14/2024 10:00,24.38080949,6.918672251,11.53829165,OK
1/14/2024 11:00,18.6465217,3.624950401,39.34336769,OK
1/14/2024 12:00,77.12880368,9.643353823,11.74060014,FAULT
1/14/2024 13:00,30.77977787,5.280623355,26.59295903,FAULT
1/14/2024 14:00,23.86184118,8.720471027,7.154479306,FAULT
1/14/2024 15:00,89.34663173,3.999988943,49.60396901,FAULT
1/14/2024 16:00,12.97881044,8.748625477,19.56675546,FAULT
1/14/2024 17:00,67.43009748,3.715865883,41.24101617,OK
1/14/2024 18:00,19.95902373,3.150873192,6.649859107,FAULT
1/14/2024 19:00,77.37121385,2.495771684,18.00562294,OK
1/14/2024 20:00,95.03744158,3.405979706,48.83807425,FAULT
1/14/2024 21:00,89.90055332,9.606195865,28.65232539,OK
1/14/2024 22:00,68.01189777,5.831851171,37.24009728,OK
1/14/2024 23:00,0.936269895,9.995174971,14.60379035,OK
1/15/2024 0:00,17.1555086,1.819338469,44.14245862,OK
1/15/2024 1:00,59.51060384,0.068988744,23.03476779,FAULT
1/15/2024 2:00,34.47504665,0.935588411,26.3325967,OK
1/15/2024 3:00,64.54301154,6.263912199,28.08512331,OK
1/15/2024 4:00,74.04916326,0.359896941,25.15696527,FAULT
1/15/2024 5:00,29.70518318,3.989203819,21.02922008,OK
1/15/2024 6:00,49.98024106,4.192555996,39.38720786,OK
1/15/2024 7:00,72.98948827,6.14234379,37.41485193,OK
1/15/2024 8:00,90.13443554,4.657712632,39.21255334,FAULT
1/15/2024 9:00,98.57879764,4.005130659,11.94632762,OK
1/15/2024 10:00,10.53031022,6.838005913,36.61646569,OK
1/15/2024 11:00,58.92653836,0.097910929,41.12003351,OK
1/15/2024 12:00,60.99529811,1.596238356,42.88648958,FAULT
1/15/2024 13:00,30.87234469,8.913440968,30.37309281,OK
1/15/2024 14:00,83.07740344,5.094915431,24.09938536,FAULT
1/15/2024 15:00,41.08738667,9.389804735,19.35760314,FAULT
1/15/2024 16:00,45.36397493,0.118208407,49.18812922,FAULT
1/15/2024 17:00,31.18417078,8.195826785,3.784174193,FAULT
1/15/2024 18:00,2.194700828,3.79719219,28.30626905,OK
1/15/2024 19:00,0.900241407,3.757828233,7.87378649,OK
1/15/2024 20:00,35.89267696,5.628822234,6.462300503,OK
1/15/2024 21:00,44.31484046,6.661497915,22.8482891,OK
1/15/2024 22:00,16.88494124,3.945829646,30.29714579,OK
1/15/2024 23:00,88.13162592,6.365579318,35.75059617,FAULT
1/16/2024 0:00,16.82379349,5.101274713,43.19227646,OK
1/16/2024 1:00,11.45500153,8.392467518,47.09232158,FAULT
1/16/2024 2:00,43.55582619,0.08667452,45.79054355,FAULT
1/16/2024 3:00,10.05699319,6.736277962,24.90531818,FAULT
1/16/2024 4:00,76.39457576,9.516194584,18.19150203,FAULT
1/16/2024 5:00,92.75374025,2.854541783,10.26204264,FAULT
1/16/2024 6:00,88.0409828,0.96267268,7.201943947,FAULT
1/16/2024 7:00,85.78288883,3.780671914,49.77706522,OK
1/16/2024 8:00,16.79753829,6.408888727,27.17580428,FAULT
1/16/2024 9:00,0.574398161,8.441851548,17.63618412,FAULT
1/16/2024 10:00,24.26818874,3.860272156,14.44889737,OK
1/16/2024 11:00,39.19426308,0.077836106,16.35933392,OK
1/16/2024 12:00,72.13181914,5.846717878,2.214067691,FAULT
1/16/2024 13:00,2.550223447,2.792933251,28.85874878,OK
1/16/2024 14:00,76.6983096,0.409140791,8.188620335,FAULT
1/16/2024 15:00,66.47339981,2.432825684,19.13338822,OK
1/16/2024 16:00,24.52153478,9.268637582,25.56446286,OK
1/16/2024 17:00,74.82734235,8.852241704,49.40691374,OK
1/16/2024 18:00,49.80753587,7.544400757,11.81082545,OK
1/16/2024 19:00,0.375147282,1.964510223,10.92991494,OK
1/16/2024 20:00,70.37679732,3.745585982,44.81785291,FAULT
1/16/2024 21:00,65.69208765,5.622767819,38.80933463,FAULT
1/16/2024 22:00,71.44355374,3.13332684,34.89135327,FAULT
1/16/2024 23:00,74.81874705,9.255094408,42.72077388,FAULT
1/17/2024 0:00,53.23790279,3.903691298,21.84345472,OK
1/17/2024 1:00,49.42151621,3.255912718,47.95788056,FAULT
1/17/2024 2:00,3.184995414,9.754204819,17.69559182,OK
1/17/2024 3:00,52.73369334,2.914176617,14.43622294,FAULT
1/17/2024 4:00,83.01506751,9.494868308,16.56190981,FAULT
1/17/2024 5:00,59.24695137,5.998839586,48.48973152,OK
1/17/2024 6:00,77.60742836,6.084502898,9.158402214,FAULT
1/17/2024 7:00,58.68262282,8.706316851,36.51087309,OK
1/17/2024 8:00,1.122670563,6.024596759,37.95330901,FAULT
1/17/2024 9:00,35.64628413,5.432570321,40.92299654,FAULT
1/17/2024 10:00,31.13766192,7.360143339,3.724022133,FAULT
1/17/2024 11:00,12.39756389,8.381843794,28.54962244,OK
1/17/2024 12:00,48.39478587,8.420035501,35.54271551,OK
1/17/2024 13:00,84.05847787,0.617968946,36.87326279,FAULT
1/17/2024 14:00,15.44929633,0.486898091,29.09619408,OK
1/17/2024 15:00,1.061260873,2.212989156,31.36690432,FAULT
1/17/2024 16:00,71.28927845,4.676166514,29.28170826,OK
1/17/2024 17:00,1.559334932,2.378561343,33.98034396,FAULT
1/17/2024 18:00,58.72305845,1.917090801,19.10644571,OK
1/17/2024 19:00,9.014550417,6.303359223,49.70914691,FAULT
1/17/2024 20:00,88.7186898,6.685148813,15.93664313,FAULT
1/17/2024 21:00,15.32301812,6.308832707,6.00047267,FAULT
1/17/2024 22:00,61.09740136,7.270353473,21.67128946,OK
1/17/2024 23:00,41.15642412,0.851362998,48.85415635,OK
1/18/2024 0:00,66.04266394,0.876914248,47.41210803,OK
1/18/2024 1:00,0.69194807,4.841251516,22.44097774,OK
1/18/2024 2:00,1.962073881,2.352070845,14.69126727,OK
1/18/2024 3:00,39.0998404,4.701589513,5.477207655,OK
1/18/2024 4:00,51.72963528,9.359027829,10.23163395,FAULT
1/18/2024 5:00,93.05136362,0.564877734,35.76731824,FAULT
1/18/2024 6:00,0.479460819,0.468072513,7.989197463,OK
1/18/2024 7:00,30.96565634,4.010005931,41.98445778,FAULT
1/18/2024 8:00,7.136021022,9.096202497,12.71857446,OK
1/18/2024 9:00,28.17399348,5.509677581,48.74548941,OK
1/18/2024 10:00,67.50622365,1.786433451,6.706690018,FAULT
1/18/2024 11:00,61.60822212,4.94968965,0.3496994,OK
1/18/2024 12:00,61.87780681,9.386218419,39.95062203,OK
1/18/2024 13:00,29.85619529,6.919290364,16.05985757,FAULT
1/18/2024 14:00,34.4370774,3.729745365,9.343461419,OK
1/18/2024 15:00,71.49879233,7.82669052,24.25617073,OK
1/18/2024 16:00,5.154209041,3.420070103,12.78477476,FAULT
1/18/2024 17:00,78.09938888,9.056068005,44.77806111,OK
1/18/2024 18:00,3.529698743,9.611332063,25.17571248,FAULT
1/18/2024 19:00,99.9961237,5.363577662,11.42728957,FAULT
1/18/2024 20:00,96.94700675,0.888274897,28.2424265,OK
1/18/2024 21:00,66.6951741,5.911092747,29.854247,FAULT
1/18/2024 22:00,88.67234991,7.838455179,22.61463029,FAULT
1/18/2024 23:00,71.3324661,2.471166423,17.56132985,OK
1/19/2024 0:00,17.55575358,2.308022419,40.3177227,FAULT
1/19/2024 1:00,42.2646184,9.629214548,2.366753391,FAULT
1/19/2024 2:00,13.54690176,9.792363824,47.45977953,OK
1/19/2024 3:00,8.35813971,9.461995363,35.75805409,FAULT
1/19/2024 4:00,2.30151033,2.944482621,1.010934604,OK
1/19/2024 5:00,2.657089108,2.75109813,28.0376733,OK
1/19/2024 6:00,98.66430558,9.736454404,8.651931315,FAULT
1/19/2024 7:00,32.02851361,2.234841694,0.57445778,OK
1/19/2024 8:00,94.08462388,9.318464603,22.99728569,FAULT
1/19/2024 9:00,17.86643388,3.006820661,25.24382617,FAULT
1/19/2024 10:00,38.04604337,0.090696164,26.96103544,FAULT
1/19/2024 11:00,91.87736223,0.354491829,24.54720078,FAULT
1/19/2024 12:00,43.12221559,4.010611386,1.02169661,FAULT
1/19/2024 13:00,64.29736919,8.731249862,7.704405706,FAULT
1/19/2024 14:00,26.24602636,0.690401109,40.55844801,OK
1/19/2024 15:00,81.56860336,0.402815997,31.45527448,OK
1/19/2024 16:00,39.285495,8.236233082,2.999948306,OK
1/19/2024 17:00,84.69992244,0.059109582,12.89720893,FAULT
1/19/2024 18:00,66.25896373,5.736139857,25.40530585,FAULT
1/19/2024 19:00,89.23733043,1.184151805,2.129228855,OK
1/19/2024 20:00,0.557088834,1.484782924,25.54952686,OK
1/19/2024 21:00,76.86785687,0.05961225,2.004036104,FAULT
1/19/2024 22:00,22.58184559,2.097865562,14.04611624,FAULT
1/19/2024 23:00,12.96855343,3.275340911,2.219635417,FAULT
1/20/2024 0:00,82.23063385,5.130694534,4.999611568,FAULT
1/20/2024 1:00,40.11760966,9.523630175,30.35910166,OK
1/20/2024 2:00,92.66722629,9.756877174,38.82465821,FAULT
1/20/2024 3:00,34.19342767,4.3014397,23.63092966,FAULT
1/20/2024 4:00,19.36047845,6.128767761,35.07244016,OK
1/20/2024 5:00,56.81953632,4.20403412,42.46742146,FAULT
1/20/2024 6:00,72.10019486,0.568466946,33.29958017,FAULT
1/20/2024 7:00,65.94566994,6.850719607,25.09997518,FAULT
1/20/2024 8:00,24.60464872,5.079577645,27.80309681,FAULT
1/20/2024 9:00,11.47558398,4.473774455,24.67117464,OK
1/20/2024 10:00,36.57056763,2.413581808,30.93457774,OK
1/20/2024 11:00,11.01935264,1.436749985,49.05252747,OK
1/20/2024 12:00,8.832221186,3.459961125,33.90577533,FAULT
1/20/2024 13:00,30.81433881,6.597952799,15.47990019,FAULT
1/20/2024 14:00,93.99332906,3.960266747,27.93898723,FAULT
1/20/2024 15:00,90.36742821,2.934294112,46.3103499,FAULT
1/20/2024 16:00,8.078355307,8.055930933,40.40430406,FAULT
1/20/2024 17:00,51.36664225,8.524422238,24.87025056,OK
1/20/2024 18:00,38.26780399,8.127027938,9.495631179,FAULT
1/20/2024 19:00,70.41984724,7.555184187,29.63065357,OK
1/20/2024 20:00,2.65361758,6.822066146,39.43038604,OK
1/20/2024 21:00,25.81403338,7.011418905,21.67735339,OK
1/20/2024 22:00,27.73918329,5.753747044,36.51211417,FAULT
1/20/2024 23:00,13.43266558,6.795187563,48.37082043,OK
1/21/2024 0:00,49.16263516,4.85180623,37.55712964,OK
1/21/2024 1:00,14.0650826,9.913461288,49.74817843,OK
1/21/2024 2:00,82.07547325,6.854416634,5.784783065,OK
1/21/2024 3:00,19.49319554,7.784894062,9.482513675,FAULT
1/21/2024 4:00,60.10226325,8.588624703,0.866213131,OK
1/21/2024 5:00,64.00258576,2.170435524,49.16022669,FAULT
1/21/2024 6:00,5.329536367,7.106731758,38.97374914,FAULT
1/21/2024 7:00,43.77666302,3.950086889,0.97932312,FAULT
1/21/2024 8:00,93.44771437,2.097268654,38.78865932,OK
1/21/2024 9:00,86.09969285,7.96889659,8.023226272,OK
1/21/2024 10:00,58.27691881,5.81860512,10.18378518,FAULT
1/21/2024 11:00,2.001753,0.286462634,8.699128779,OK
1/21/2024 12:00,66.9235824,7.641948301,20.38863064,FAULT
1/21/2024 13:00,4.424695444,0.572771843,39.25607837,OK
1/21/2024 14:00,21.1721522,6.870364635,49.5154505,OK
1/21/2024 15:00,50.34724332,1.513283876,12.93200975,FAULT
1/21/2024 16:00,32.43067285,1.683104499,21.33101099,OK
1/21/2024 17:00,13.41725204,5.641960364,48.04466987,FAULT
1/21/2024 18:00,77.29393822,0.367798101,42.47763908,OK
1/21/2024 19:00,26.74640204,3.386426771,49.24260128,OK
1/21/2024 20:00,26.39319947,5.676579883,48.3111905,OK
1/21/2024 21:00,60.26824568,2.400474765,19.85421001,FAULT
1/21/2024 22:00,7.044526564,4.135896042,25.77863464,FAULT
1/21/2024 23:00,93.0081098,0.248580783,1.021361311,FAULT
1/22/2024 0:00,71.69259959,4.105352766,43.26016371,OK
1/22/2024 1:00,48.52155284,4.806420207,31.85090133,OK
1/22/2024 2:00,95.74987021,2.693503837,46.29736796,OK
1/22/2024 3:00,90.31318353,9.456619072,14.68450576,OK
1/22/2024 4:00,48.05354789,8.118278313,11.17836407,OK
1/22/2024 5:00,27.80127375,1.205558614,5.537046284,FAULT
1/22/2024 6:00,96.09093408,1.17154714,45.1876558,FAULT
1/22/2024 7:00,27.59871067,0.724359399,14.31048818,FAULT
1/22/2024 8:00,61.85450151,6.270916906,24.70752858,FAULT
1/22/2024 9:00,18.2755294,7.668480262,37.79687492,OK
1/22/2024 10:00,14.51000404,2.763443267,22.96158937,OK
1/22/2024 11:00,95.62299343,1.851555806,43.16059265,OK
1/22/2024 12:00,29.63337249,4.525443353,10.95892082,FAULT
1/22/2024 13:00,61.20337032,8.425612503,0.478679232,OK
1/22/2024 14:00,3.831141098,9.808700138,28.55811308,FAULT
1/22/2024 15:00,48.79358025,8.864888324,18.29157949,OK
1/22/2024 16:00,36.90692397,5.231118845,38.6673087,FAULT
1/22/2024 17:00,87.74642575,1.959844106,33.83380559,FAULT
1/22/2024 18:00,40.76716417,3.984588938,6.667931299,FAULT
1/22/2024 19:00,12.59803537,2.264180788,14.12631059,OK
1/22/2024 20:00,1.301502769,9.167253972,17.66717794,OK
1/22/2024 21:00,61.71221245,8.510551864,17.83099804,OK
1/22/2024 22:00,20.55059336,0.698530989,6.961409169,OK
1/22/2024 23:00,45.1938493,0.302261654,23.81600774,FAULT
1/23/2024 0:00,86.18492134,5.096813126,42.59594003,FAULT
1/23/2024 1:00,17.35648073,1.184079722,45.54134967,FAULT
1/23/2024 2:00,63.89739756,5.067287807,29.32455848,FAULT
1/23/2024 3:00,19.13672965,9.679869584,6.150358224,FAULT
1/23/2024 4:00,0.264939665,2.584045775,4.627816178,FAULT
1/23/2024 5:00,35.65142348,8.061883048,8.132642853,FAULT
1/23/2024 6:00,84.56558276,1.983976724,19.46094046,OK
1/23/2024 7:00,98.86948073,1.638438429,7.914508027,OK
1/23/2024 8:00,10.64832567,6.420046423,21.67468345,FAULT
1/23/2024 9:00,60.2871541,1.170854529,36.62841128,OK
1/23/2024 10:00,3.30423199,5.281594753,40.95731099,OK
1/23/2024 11:00,1.076656812,9.070590573,23.81329967,FAULT
1/23/2024 12:00,89.20064972,6.111638077,13.48301246,OK
1/23/2024 13:00,75.05352635,9.037682569,40.94661706,OK
1/23/2024 14:00,85.86786648,5.0695895,22.77574432,OK
1/23/2024 15:00,55.39666119,8.725761039,9.886312085,FAULT
1/23/2024 16:00,76.49769252,1.523741097,5.102168024,FAULT
1/23/2024 17:00,45.91204952,9.707890784,16.57593289,OK
1/23/2024 18:00,32.62792108,7.427780134,1.673169513,FAULT
1/23/2024 19:00,68.18904066,9.883831358,39.64518844,FAULT
1/23/2024 20:00,26.84683366,8.112531546,19.07186755,FAULT
1/23/2024 21:00,94.30738947,1.185064305,15.78205238,OK
1/23/2024 22:00,30.76761015,5.763506485,37.49114703,FAULT
1/23/2024 23:00,78.16274312,2.508768421,20.70724251,FAULT
1/24/2024 0:00,55.64551795,6.318407008,43.97156545,OK
1/24/2024 1:00,23.11950977,8.47716272,37.1526705,OK
1/24/2024 2:00,59.45000995,7.918874046,47.0899232,FAULT
1/24/2024 3:00,66.54726457,7.811073552,36.51376684,FAULT
1/24/2024 4:00,60.3208843,4.816537786,47.89716936,FAULT
1/24/2024 5:00,58.09563731,1.043995739,39.38806398,FAULT
1/24/2024 6:00,86.04301106,0.861350398,38.25410021,OK
1/24/2024 7:00,0.926329092,2.594736413,1.806506807,FAULT
1/24/2024 8:00,92.33725233,8.883557349,27.9665895,FAULT
1/24/2024 9:00,44.10317572,6.305204289,16.92563854,OK
1/24/2024 10:00,38.34684829,4.999597175,2.73437932,FAULT
1/24/2024 11:00,46.31387855,2.367421759,7.757201048,FAULT
1/24/2024 12:00,22.74534269,6.026608143,0.667137826,FAULT
1/24/2024 13:00,31.93461508,1.580248398,25.44797142,FAULT
1/24/2024 14:00,66.32565081,6.951887012,19.30018603,FAULT
1/24/2024 15:00,58.49764227,7.04310955,14.87204077,FAULT
1/24/2024 16:00,56.08876644,9.130796216,23.07101482,FAULT
1/24/2024 17:00,68.20465746,6.792611855,41.74369977,OK
1/24/2024 18:00,1.601334658,1.074276487,45.30670931,OK
1/24/2024 19:00,29.30287751,1.358288312,49.5680822,FAULT
1/24/2024 20:00,31.58017804,5.974792752,9.560818109,OK
1/24/2024 21:00,48.3474826,0.94537018,7.327085723,FAULT
1/24/2024 22:00,18.54816826,0.240495833,47.76217009,FAULT
1/24/2024 23:00,43.84418516,1.584743907,38.5591977,OK
1/25/2024 0:00,6.088451133,7.505026004,48.68618582,OK
1/25/2024 1:00,96.56836867,7.273769172,38.20255154,OK
1/25/2024 2:00,40.12043096,2.252026119,9.430864006,FAULT
1/25/2024 3:00,35.17606622,6.836604843,31.85663502,FAULT
1/25/2024 4:00,10.12269635,6.187303363,20.59403648,OK
1/25/2024 5:00,9.09020302,9.073332585,16.30000115,FAULT
1/25/2024 6:00,0.203473822,9.458959799,32.01468702,OK
1/25/2024 7:00,39.50205134,4.483193463,25.15221935,OK
1/25/2024 8:00,70.87106826,0.712874277,19.85944786,FAULT
1/25/2024 9:00,50.32101842,0.127413874,24.45570528,FAULT
1/25/2024 10:00,5.431248592,8.342408253,0.487122217,FAULT
1/25/2024 11:00,88.98948288,3.494242387,17.10818945,OK
1/25/2024 12:00,64.56840859,7.717452167,27.86879649,OK
1/25/2024 13:00,26.0412918,5.057542236,21.67367928,OK
1/25/2024 14:00,47.17039281,9.497457274,10.21028605,FAULT
1/25/2024 15:00,36.11426574,6.483465387,33.0399843,FAULT
1/25/2024 16:00,68.50053584,7.139130703,34.16364988,FAULT
1/25/2024 17:00,89.86646147,9.770628055,29.91737257,OK
1/25/2024 18:00,36.12431038,2.437315199,31.93261164,OK
1/25/2024 19:00,63.82579386,2.573603213,32.59232899,OK
1/25/2024 20:00,39.10744553,7.781015147,49.90933343,OK
1/25/2024 21:00,8.023220128,1.543759885,33.12680656,FAULT
1/25/2024 22:00,82.49046307,6.496775007,20.7346472,FAULT
1/25/2024 23:00,56.01060041,4.458300041,37.61720026,FAULT
1/26/2024 0:00,50.5417969,7.576736945,37.63650172,FAULT
1/26/2024 1:00,65.94032259,8.81059713,49.39372307,FAULT
1/26/2024 2:00,93.38476588,8.02910531,47.82984044,FAULT
1/26/2024 3:00,71.64300288,0.701674767,27.26371403,OK
1/26/2024 4:00,25.5697278,6.359309449,39.58130522,FAULT
1/26/2024 5:00,46.01080713,7.248911127,40.7313849,FAULT
1/26/2024 6:00,57.50627424,1.947957921,44.75449822,OK
1/26/2024 7:00,3.13612056,2.505666154,4.092630104,FAULT
1/26/2024 8:00,43.96042615,3.139271482,39.33138945,FAULT
1/26/2024 9:00,63.46884825,5.274375501,28.78791529,FAULT
1/26/2024 10:00,93.44220454,5.598017124,28.28666937,FAULT
1/26/2024 11:00,29.46247276,5.979144631,2.440796465,FAULT
1/26/2024 12:00,17.89015875,6.074239524,23.08251866,OK
1/26/2024 13:00,46.70829578,7.883252543,46.64976006,FAULT
1/26/2024 14:00,1.058351269,3.90374658,27.88623771,FAULT
1/26/2024 15:00,74.52875039,4.650164675,28.47647108,OK
1/26/2024 16:00,57.84091485,7.703612233,32.57230329,FAULT
1/26/2024 17:00,72.76704007,6.573551722,0.816712425,OK
1/26/2024 18:00,85.27300058,0.141472981,6.434430383,OK
1/26/2024 19:00,35.69794112,0.945975753,43.68082521,OK
1/26/2024 20:00,19.22727894,8.882970795,45.45730331,OK
1/26/2024 21:00,51.98731858,1.063938333,47.09161094,FAULT
1/26/2024 22:00,31.93321858,2.405435773,15.97948156,FAULT
1/26/2024 23:00,83.55399549,8.337334823,13.96928915,FAULT
1/27/2024 0:00,80.50382811,7.3255361,35.56792589,FAULT
1/27/2024 1:00,55.52550081,5.338576704,36.54712795,OK
1/27/2024 2:00,23.12620398,2.651102824,30.90254125,OK
1/27/2024 3:00,82.29029269,2.94723493,29.80009407,FAULT
1/27/2024 4:00,64.71001722,7.946896838,30.70353572,FAULT
1/27/2024 5:00,3.891662719,1.508329941,21.46668231,OK
1/27/2024 6:00,4.155416962,9.186623377,7.218270156,OK
1/27/2024 7:00,43.18066117,5.561507114,10.26256943,FAULT
1/27/2024 8:00,8.476305977,4.788749906,38.14443253,FAULT
1/27/2024 9:00,92.38816018,0.166765595,43.57555261,OK
1/27/2024 10:00,63.23351254,5.22097541,27.89491633,OK
1/27/2024 11:00,80.21617982,0.719006352,35.06656025,OK
1/27/2024 12:00,98.0009299,8.992582482,17.81943611,OK
1/27/2024 13:00,51.68280445,8.586393187,31.75032976,OK
1/27/2024 14:00,69.95018024,9.811267901,23.21332891,OK
1/27/2024 15:00,38.96946023,5.026540402,4.029555255,FAULT
1/27/2024 16:00,28.3032848,9.352355825,16.07547363,FAULT
1/27/2024 17:00,73.7929565,6.110230858,44.04716187,FAULT
1/27/2024 18:00,91.19714133,9.632543417,9.778924138,FAULT
1/27/2024 19:00,59.97292774,2.184201034,4.05352925,FAULT
1/27/2024 20:00,38.54494526,6.488646848,9.764780235,FAULT
1/27/2024 21:00,26.64883035,2.185442479,46.91847386,OK
1/27/2024 22:00,58.37216926,8.773413835,27.22089982,FAULT
1/27/2024 23:00,88.18471178,1.063380516,28.41112902,OK
1/28/2024 0:00,92.21067274,6.766747649,38.32531414,OK
1/28/2024 1:00,2.034653911,1.057844834,42.73445638,FAULT
1/28/2024 2:00,41.47195611,8.749658951,25.22644499,OK
1/28/2024 3:00,8.531201899,2.668611624,33.75822915,OK
1/28/2024 4:00,52.43970373,1.847329079,2.115627788,OK
1/28/2024 5:00,71.00071995,2.935101573,29.1252823,FAULT
1/28/2024 6:00,17.69948318,8.345950204,44.5301108,OK
1/28/2024 7:00,67.65387092,9.548509125,34.01302274,OK
1/28/2024 8:00,42.07883537,5.234214039,12.04256169,OK
1/28/2024 9:00,19.30919821,0.110145064,4.734942873,FAULT
1/28/2024 10:00,13.2338209,4.784071629,34.11455629,FAULT
1/28/2024 11:00,57.21672267,6.132980086,30.63414135,OK
1/28/2024 12:00,21.89957691,2.945348816,17.27983498,FAULT
1/28/2024 13:00,49.53477388,7.658785765,19.54459691,OK
1/28/2024 14:00,17.90237447,5.752761866,4.926013258,FAULT
1/28/2024 15:00,91.82813458,9.918262148,17.19607905,FAULT
1/28/2024 16:00,57.63437644,3.228985928,25.29041751,OK
1/28/2024 17:00,65.27950557,1.585252762,49.33908276,OK
1/28/2024 18:00,13.69804178,8.459442,9.250032848,FAULT
1/28/2024 19:00,89.84543514,4.192567628,6.713624029,FAULT
1/28/2024 20:00,15.7073702,5.925712993,31.31066609,OK
1/28/2024 21:00,17.65016055,0.151695761,21.98663073,OK
1/28/2024 22:00,71.45948067,2.438572394,38.35585901,OK
1/28/2024 23:00,50.1179234,6.772062994,30.45137858,OK
1/29/2024 0:00,30.23460419,0.076519519,7.739919327,OK
1/29/2024 1:00,70.28269894,3.639510554,45.88885943,FAULT
1/29/2024 2:00,70.34045755,3.336373231,25.04510011,FAULT
1/29/2024 3:00,18.40409854,4.895416229,46.87793001,OK
1/29/2024 4:00,78.88097771,6.467150813,29.9160523,OK
1/29/2024 5:00,69.03601075,2.48463611,2.271125565,FAULT
1/29/2024 6:00,18.08729958,7.992626703,44.87460303,FAULT
1/29/2024 7:00,48.01061409,3.23902365,3.268636111,OK
1/29/2024 8:00,54.83401561,7.854486779,30.27314588,FAULT
1/29/2024 9:00,2.28795202,9.806976715,21.72413469,FAULT
1/29/2024 10:00,66.80784636,0.569955009,19.59055792,FAULT
1/29/2024 11:00,43.56709039,8.31946206,14.64008798,FAULT
1/29/2024 12:00,33.401483,3.978889172,48.96539455,FAULT
1/29/2024 13:00,35.15477938,0.270673632,4.468913834,FAULT
1/29/2024 14:00,2.396201946,9.578157493,42.30573811,FAULT
1/29/2024 15:00,31.64650921,0.361872227,37.41135835,FAULT
1/29/2024 16:00,87.06768428,0.471879328,16.38876978,OK
1/29/2024 17:00,17.43540046,4.497577155,23.53481596,FAULT
1/29/2024 18:00,90.85387523,8.507075999,17.17684104,FAULT
1/29/2024 19:00,59.20514431,9.374268676,36.23243897,OK
1/29/2024 20:00,16.82871503,4.988652579,15.45699688,FAULT
1/29/2024 21:00,35.59402212,6.725181867,3.35186723,OK
1/29/2024 22:00,61.2425218,9.342962404,40.0557632,OK
1/29/2024 23:00,56.83974379,8.666247196,40.61487944,OK
1/30/2024 0:00,19.59698413,4.210860387,41.89566002,OK
1/30/2024 1:00,2.001165295,9.59631673,26.20507044,OK
1/30/2024 2:00,75.72856758,9.909016544,0.319397912,OK
1/30/2024 3:00,37.12032437,0.842151434,8.192721935,FAULT
1/30/2024 4:00,19.46165057,5.121428583,45.06893938,FAULT
1/30/2024 5:00,79.81662961,5.923177046,13.56125045,OK
1/30/2024 6:00,32.81657339,1.729935392,38.73664253,FAULT
1/30/2024 7:00,36.3732087,1.276474442,23.67762327,FAULT
1/30/2024 8:00,20.07202137,6.101990567,28.52038867,FAULT
1/30/2024 9:00,51.98583456,3.990253646,0.854915838,OK
1/30/2024 10:00,97.23552706,1.876014661,14.54210254,OK
1/30/2024 11:00,54.80777328,1.089220826,43.88131221,FAULT
1/30/2024 12:00,12.54861731,1.292324964,42.06895781,OK
1/30/2024 13:00,72.88273506,3.195225802,24.51229236,FAULT
1/30/2024 14:00,72.20966836,3.444771677,17.32223587,OK
1/30/2024 15:00,81.5695826,7.944992586,16.24767409,FAULT
1/30/2024 16:00,92.63425191,7.26201159,33.15732135,FAULT
1/30/2024 17:00,98.06025763,3.058603754,47.81993411,FAULT
1/30/2024 18:00,30.87827814,6.850943106,10.0841507,OK
1/30/2024 19:00,76.10402869,3.013014789,13.68950595,FAULT
1/30/2024 20:00,22.8683335,9.997511757,8.633466163,FAULT
1/30/2024 21:00,96.48171737,8.287475118,0.021849484,OK
1/30/2024 22:00,91.71998627,7.660261423,13.98345694,OK
1/30/2024 23:00,29.45464998,3.94981893,44.94553509,OK
1/31/2024 0:00,47.86785004,9.143902083,36.97635622,FAULT
1/31/2024 1:00,34.89286481,1.0567765,48.37747483,FAULT
1/31/2024 2:00,16.86140133,3.809006751,41.59628105,FAULT
1/31/2024 3:00,63.22058029,2.253029479,3.665631833,OK
1/31/2024 4:00,73.59465585,6.523098883,39.81610407,OK
1/31/2024 5:00,90.14231474,8.928361832,18.71984165,OK
1/31/2024 6:00,61.20989169,8.077161208,21.90634471,OK
1/31/2024 7:00,47.3868741,6.580684245,44.5707129,OK
1/31/2024 8:00,8.470406322,9.7357399,28.52794709,FAULT
1/31/2024 9:00,31.93923328,7.927622497,5.492578995,OK
1/31/2024 10:00,55.19332987,5.133408743,24.64711182,FAULT
1/31/2024 11:00,18.79569602,5.328804586,25.20744692,OK
1/31/2024 12:00,97.80262766,0.340452234,24.45029895,OK
1/31/2024 13:00,76.37487541,2.174559497,26.97702226,OK
1/31/2024 14:00,87.14665218,6.780016985,44.33012878,FAULT
1/31/2024 15:00,50.36607518,7.688644815,20.58760936,FAULT
1/31/2024 16:00,66.36823769,8.969763129,34.38319014,OK
1/31/2024 17:00,3.028710048,7.454655672,4.777785517,FAULT
1/31/2024 18:00,55.15788475,5.310732624,22.3982665,FAULT
1/31/2024 19:00,43.26868641,7.894495886,6.394059484,FAULT
1/31/2024 20:00,70.1315985,7.540655136,26.42748154,OK
1/31/2024 21:00,68.97548095,1.313821779,17.10996157,FAULT
1/31/2024 22:00,27.31016616,4.054667763,1.510495212,OK
1/31/2024 23:00,2.663088709,4.432885487,19.86847009,OK
2/1/2024 0:00,42.23016871,0.382682222,24.80327103,FAULT
2/1/2024 1:00,65.59678983,4.763214205,43.25999422,FAULT
2/1/2024 2:00,43.07689033,7.349731072,46.10076422,FAULT
2/1/2024 3:00,59.37227579,8.87522016,21.76477082,FAULT
2/1/2024 4:00,45.71578015,7.627298717,1.607634035,OK
2/1/2024 5:00,61.4974921,6.952464964,39.61695019,OK
2/1/2024 6:00,19.31163754,4.762458716,40.15736273,FAULT
2/1/2024 7:00,3.531589124,9.568321815,1.067644191,OK
2/1/2024 8:00,76.50376167,8.556654207,45.38553361,FAULT
2/1/2024 9:00,6.046413955,7.51556774,45.57291487,OK
2/1/2024 10:00,70.87943845,9.849731974,6.305507832,FAULT
2/1/2024 11:00,93.6663707,6.903858332,26.734022,FAULT
2/1/2024 12:00,99.61951387,8.690598596,11.4781427,FAULT
2/1/2024 13:00,49.68191017,4.181389732,2.945475778,OK
2/1/2024 14:00,7.594267295,5.534035585,47.65409344,OK
2/1/2024 15:00,81.72525668,9.034454533,33.12692601,OK
2/1/2024 16:00,57.44584514,1.57020417,43.43399003,FAULT
2/1/2024 17:00,56.29221279,1.815593171,5.097427186,OK
2/1/2024 18:00,90.81244243,5.41336764,28.53341097,FAULT
2/1/2024 19:00,64.39756979,8.485337532,8.317315656,FAULT
2/1/2024 20:00,90.42376876,0.143592795,45.03619719,OK
2/1/2024 21:00,95.47754756,6.094468,40.24657744,FAULT
2/1/2024 22:00,5.630446923,9.807415475,0.349403247,OK
2/1/2024 23:00,73.39719257,7.023602796,28.65596822,FAULT
2/2/2024 0:00,97.27594606,9.967164785,46.58117162,FAULT
2/2/2024 1:00,41.87363111,0.430222197,11.36600518,OK
2/2/2024 2:00,29.46471573,3.710636751,4.08386977,OK
2/2/2024 3:00,7.270622544,9.012156452,32.64026928,FAULT
2/2/2024 4:00,73.75658329,9.589650347,22.20695448,FAULT
2/2/2024 5:00,82.09004869,2.368026251,24.36691252,FAULT
2/2/2024 6:00,79.01312015,0.401658744,20.74042118,FAULT
2/2/2024 7:00,40.00976278,5.537263404,39.90970108,OK
2/2/2024 8:00,33.779171,7.175902687,10.67682732,OK
2/2/2024 9:00,13.59496011,9.446163498,22.94194357,OK
2/2/2024 10:00,52.8453887,6.318664506,19.74478885,OK
2/2/2024 11:00,15.77253887,4.072618499,11.85777152,FAULT
2/2/2024 12:00,75.62848385,8.827916406,43.00919089,FAULT
2/2/2024 13:00,17.00574961,7.078867594,13.50237985,OK
2/2/2024 14:00,39.7110696,8.821411629,32.44757956,FAULT
2/2/2024 15:00,64.32103165,1.010791257,24.05072578,FAULT
2/2/2024 16:00,39.23894847,5.998771638,34.97577609,OK
2/2/2024 17:00,27.13297804,0.873562154,10.53783163,OK
2/2/2024 18:00,76.46622415,5.22489385,30.13896643,OK
2/2/2024 19:00,61.67121674,5.017207075,22.85315421,FAULT
2/2/2024 20:00,71.55235877,6.226427258,12.8205624,FAULT
2/2/2024 21:00,75.93582641,1.55788628,35.30683958,OK
2/2/2024 22:00,50.09441691,0.506989255,39.46503197,FAULT
2/2/2024 23:00,22.79233034,1.889371725,24.9165808,FAULT
2/3/2024 0:00,85.77070727,0.497623438,14.88536592,FAULT
2/3/2024 1:00,29.51411943,2.709301456,15.71331617,FAULT
2/3/2024 2:00,74.90144302,6.46869543,14.21653951,OK
2/3/2024 3:00,55.7545091,1.412635603,3.087697784,FAULT
2/3/2024 4:00,58.03079813,1.809275257,4.351071395,OK
2/3/2024 5:00,31.50565109,4.742792869,28.7051069,FAULT
2/3/2024 6:00,43.1101275,9.418005436,28.46575456,FAULT
2/3/2024 7:00,25.85327362,2.122584742,34.81030807,FAULT
2/3/2024 8:00,43.06632599,9.129723859,42.44423636,FAULT
2/3/2024 9:00,3.620736885,8.204763307,3.164482669,FAULT
2/3/2024 10:00,86.49050993,1.741576486,47.65472519,FAULT
2/3/2024 11:00,32.37985128,7.099420667,49.28487168,OK
2/3/2024 12:00,96.59996637,1.704706094,27.92828249,FAULT
2/3/2024 13:00,0.536584904,0.590204535,1.036099638,FAULT
2/3/2024 14:00,85.85235084,6.60932887,46.72297309,FAULT
2/3/2024 15:00,34.34340394,2.164405202,19.72852545,OK
2/3/2024 16:00,25.01542319,0.089369723,34.46315685,FAULT
2/3/2024 17:00,49.24776921,6.181830973,6.939999632,OK
2/3/2024 18:00,7.44162472,3.30488105,24.07536996,OK
2/3/2024 19:00,72.16861807,0.541472879,23.06602736,OK
2/3/2024 20:00,42.29609873,4.375136872,47.37608291,OK
2/3/2024 21:00,16.09267485,8.618435947,49.01201979,FAULT
2/3/2024 22:00,97.62676248,4.942920441,34.4686289,FAULT
2/3/2024 23:00,16.06600521,3.40439682,35.56977575,FAULT
2/4/2024 0:00,8.506884582,0.046265818,45.43814793,FAULT
2/4/2024 1:00,71.97947854,9.874592066,3.117743597,OK
2/4/2024 2:00,34.71810504,9.576431856,36.98298503,OK
2/4/2024 3:00,61.51627303,6.014637709,29.70223287,FAULT
2/4/2024 4:00,60.25857345,1.110975224,32.65876541,FAULT
2/4/2024 5:00,87.91484242,1.334381925,18.36402163,OK
2/4/2024 6:00,1.403479828,5.576970564,42.56524466,FAULT
2/4/2024 7:00,65.89085278,1.030566612,35.92751538,FAULT
2/4/2024 8:00,42.16638003,8.055744207,33.17707559,OK
2/4/2024 9:00,90.00446859,1.837352317,7.652195322,OK
2/4/2024 10:00,2.649206556,2.854562456,4.231762129,FAULT
2/4/2024 11:00,62.55484896,3.628423957,5.130757152,FAULT
2/4/2024 12:00,54.25234522,5.950070867,47.68153452,OK
2/4/2024 13:00,42.21644483,6.561029312,2.647480514,FAULT
2/4/2024 14:00,78.72104338,2.069268608,14.89404719,FAULT
2/4/2024 15:00,79.02123446,0.560497482,23.74797644,OK
2/4/2024 16:00,75.64804946,6.089873795,28.17391407,OK
2/4/2024 17:00,88.5560103,6.724738174,6.612991488,FAULT
2/4/2024 18:00,51.40925543,2.166547066,44.09086178,OK
2/4/2024 19:00,43.80965606,9.952753295,6.524938869,OK
2/4/2024 20:00,77.91854196,5.796048941,29.08186925,OK
2/4/2024 21:00,25.10166714,8.997385855,34.49162218,OK
2/4/2024 22:00,70.36611011,1.616514912,16.89738361,OK
2/4/2024 23:00,7.84618046,1.937775775,11.7027503,OK
2/5/2024 0:00,62.31356386,8.401579718,34.79063272,FAULT
2/5/2024 1:00,81.73352317,0.139346821,14.56896991,OK
2/5/2024 2:00,33.94970071,3.450645076,24.43551574,OK
2/5/2024 3:00,53.4063431,8.174405039,24.52385564,OK
2/5/2024 4:00,40.55725737,5.404756089,18.15295197,OK
2/5/2024 5:00,67.15217654,9.318893903,45.2088519,OK
2/5/2024 6:00,65.06155735,5.641610512,15.83906117,FAULT
2/5/2024 7:00,65.03322902,5.709642373,14.37240502,FAULT
2/5/2024 8:00,17.54994771,8.874298457,1.834607334,OK
2/5/2024 9:00,32.87507918,1.211514528,17.58310487,OK
2/5/2024 10:00,40.59393842,5.683931991,12.82430475,OK
2/5/2024 11:00,98.42768475,1.33159443,47.63874602,FAULT
2/5/2024 12:00,68.94015895,5.202850988,6.915542451,FAULT
2/5/2024 13:00,12.47479047,2.921939637,17.04663306,OK
2/5/2024 14:00,3.776345486,7.440759715,12.27811805,FAULT
2/5/2024 15:00,22.76027462,8.438363206,23.18403518,OK
2/5/2024 16:00,75.08461324,4.814910903,28.92480908,FAULT
2/5/2024 17:00,82.90938883,9.684132244,13.35197367,OK
2/5/2024 18:00,20.02638974,4.239036648,31.97367332,OK
2/5/2024 19:00,1.219475774,5.434095046,48.69324084,OK
2/5/2024 20:00,54.47330988,1.969228225,22.57503308,FAULT
2/5/2024 21:00,0.522425703,1.603323668,43.95390051,FAULT
2/5/2024 22:00,35.81179867,4.857624831,49.68549106,OK
2/5/2024 23:00,7.501256373,8.697956172,36.53612369,OK
2/6/2024 0:00,60.26661214,9.272672152,44.9206662,OK
2/6/2024 1:00,18.04514665,3.775822198,16.44603794,FAULT
2/6/2024 2:00,54.87481525,1.285343306,14.35366876,FAULT
2/6/2024 3:00,26.02083501,5.177074491,27.39008058,FAULT
2/6/2024 4:00,60.9454238,7.707495209,49.21045955,FAULT
2/6/2024 5:00,52.15749733,8.980733976,38.80261453,FAULT
2/6/2024 6:00,59.23317615,0.157647762,15.16883921,OK
2/6/2024 7:00,81.9223742,2.168001471,37.0997964,OK
2/6/2024 8:00,40.09540455,1.205786306,31.49664145,OK
2/6/2024 9:00,41.60273101,1.035735434,44.50782873,FAULT
2/6/2024 10:00,70.62641597,0.823714363,9.107315382,FAULT
2/6/2024 11:00,73.16467085,9.223548528,15.70954005,FAULT
2/6/2024 12:00,28.78253494,6.157772983,38.03314712,OK
2/6/2024 13:00,91.81734685,9.498983357,1.81259461,FAULT
2/6/2024 14:00,98.36950858,0.705292721,6.94479331,FAULT
2/6/2024 15:00,40.84635637,4.84037828,28.56642968,OK
2/6/2024 16:00,18.49221736,8.778582372,33.63369177,OK
2/6/2024 17:00,47.61476412,1.851527845,23.36427354,FAULT
2/6/2024 18:00,92.53239378,0.475243618,3.50205222,OK
2/6/2024 19:00,19.52636522,0.455189015,10.90632646,FAULT
2/6/2024 20:00,69.53523993,1.669380559,6.151317729,FAULT
2/6/2024 21:00,60.49284898,7.287697654,6.622488362,OK
2/6/2024 22:00,82.31796095,8.751214306,49.64537918,FAULT
2/6/2024 23:00,37.18784837,9.519288617,36.87795513,FAULT
2/7/2024 0:00,40.74303521,1.814933461,6.796457326,OK
2/7/2024 1:00,76.97820937,5.537690676,5.531586738,OK
2/7/2024 2:00,4.080751776,7.933445774,35.98267934,OK
2/7/2024 3:00,53.72888018,3.571508643,3.571233168,FAULT
2/7/2024 4:00,12.05537693,9.246100121,40.5210078,OK
2/7/2024 5:00,87.19426428,2.930761252,25.95933157,FAULT
2/7/2024 6:00,36.83466984,2.262676984,31.14616743,OK
2/7/2024 7:00,3.932713202,3.722564053,7.510348752,OK
2/7/2024 8:00,63.02267939,5.260038726,4.629252683,FAULT
2/7/2024 9:00,70.80741621,6.907677973,37.02132899,OK
2/7/2024 10:00,8.660047876,2.485575492,3.367363344,FAULT
2/7/2024 11:00,60.92517856,1.340466982,15.28765862,FAULT
2/7/2024 12:00,92.54227228,8.725635758,42.44896728,FAULT
2/7/2024 13:00,84.78592371,1.20721691,45.79974481,FAULT
2/7/2024 14:00,16.29604565,8.273031338,31.27147843,FAULT
2/7/2024 15:00,46.59707317,3.904603665,38.74105831,FAULT
2/7/2024 16:00,70.2101578,3.884057324,23.13377162,FAULT
2/7/2024 17:00,77.40687007,0.712066886,12.61319346,FAULT
2/7/2024 18:00,21.79672354,5.9341745,25.08912871,FAULT
2/7/2024 19:00,23.40599063,6.734506908,45.89902428,FAULT
2/7/2024 20:00,68.85511876,8.487755856,24.25430388,OK
2/7/2024 21:00,60.57970593,3.352468385,46.56165456,FAULT
2/7/2024 22:00,88.86670963,2.519805095,24.35739719,FAULT
2/7/2024 23:00,34.27734361,6.683034746,12.85855792,FAULT
2/8/2024 0:00,77.53255035,8.11572825,34.82034848,FAULT
2/8/2024 1:00,31.97439265,4.364776816,45.76431467,FAULT
2/8/2024 2:00,79.04597502,3.305121323,13.01316254,FAULT
2/8/2024 3:00,9.415937732,5.038229991,20.88147036,FAULT
2/8/2024 4:00,28.32900857,6.877914934,6.467643148,FAULT
2/8/2024 5:00,99.77597146,6.636614054,34.58278064,OK
2/8/2024 6:00,80.67432447,4.285197489,49.88279974,FAULT
2/8/2024 7:00,28.44137807,0.117490322,22.1253589,FAULT
2/8/2024 8:00,61.17902013,6.532562242,44.2781337,OK
2/8/2024 9:00,70.83887151,9.055777818,18.48278135,FAULT
2/8/2024 10:00,6.991190633,5.054278631,33.17116637,FAULT
2/8/2024 11:00,62.1584628,0.009406386,23.83241914,FAULT
2/8/2024 12:00,52.76932623,0.639143059,24.92315461,OK
2/8/2024 13:00,69.7352357,7.172301137,20.01507383,FAULT
2/8/2024 14:00,24.68231285,7.889945989,49.71130568,FAULT
2/8/2024 15:00,23.45674316,8.259038921,0.292494394,FAULT
2/8/2024 16:00,61.87835517,9.811775775,8.381449398,FAULT
2/8/2024 17:00,31.92190035,4.543661763,21.30717,FAULT
2/8/2024 18:00,13.49093165,0.856519252,26.56046577,FAULT
2/8/2024 19:00,52.52144493,1.573684859,11.27439259,OK
2/8/2024 20:00,18.57014936,1.042454946,44.36845093,FAULT
2/8/2024 21:00,75.43459874,4.269196574,26.42511061,FAULT
2/8/2024 22:00,12.39152277,9.014138498,17.52923973,FAULT
2/8/2024 23:00,95.60843045,9.371851753,31.81734912,FAULT
2/9/2024 0:00,97.47419991,9.311313266,41.95515574,FAULT
2/9/2024 1:00,35.0032547,6.846567857,7.102734927,FAULT
2/9/2024 2:00,86.5234714,9.084439842,20.23191775,FAULT
2/9/2024 3:00,13.33174951,5.690847652,40.6627936,OK
2/9/2024 4:00,29.25464795,1.593339847,43.11076735,FAULT
2/9/2024 5:00,70.308173,6.525171814,17.23518555,OK
2/9/2024 6:00,16.25028079,2.354942916,3.027501134,OK
2/9/2024 7:00,82.15677539,0.934074949,32.24221127,OK
2/9/2024 8:00,78.46860274,6.87156315,5.400114441,FAULT
2/9/2024 9:00,48.19089533,5.914017367,17.23340077,OK
2/9/2024 10:00,89.70457916,5.963474003,24.47027632,FAULT
2/9/2024 11:00,17.35495355,6.879436342,47.5260041,FAULT
2/9/2024 12:00,40.25401106,6.061877203,11.4332327,FAULT
2/9/2024 13:00,62.05806802,1.049722288,32.03711367,FAULT
2/9/2024 14:00,18.45187439,0.875163703,26.62322953,FAULT
2/9/2024 15:00,32.42596776,1.202712332,9.140487906,OK
2/9/2024 16:00,33.5422403,0.672544648,45.71998146,OK
2/9/2024 17:00,79.78524637,5.233540276,2.124297306,FAULT
2/9/2024 18:00,61.87361104,3.463262973,16.05475932,OK
2/9/2024 19:00,69.28274256,9.158348586,25.32152377,FAULT
2/9/2024 20:00,18.12763572,4.820179223,47.60940642,OK
2/9/2024 21:00,79.57094132,9.852893303,10.73182884,OK
2/9/2024 22:00,2.333616877,7.338424001,22.17814256,OK
2/9/2024 23:00,15.92613512,0.953822784,48.60118166,FAULT
2/10/2024 0:00,17.22085112,9.081510336,21.47018129,OK
2/10/2024 1:00,86.85356361,8.990827409,37.38525531,FAULT
2/10/2024 2:00,8.572302292,5.639884595,45.00909948,FAULT
2/10/2024 3:00,31.09109555,1.524223266,40.45110558,FAULT
2/10/2024 4:00,38.43890142,3.476617256,46.85892062,FAULT
2/10/2024 5:00,27.48092429,1.344382589,30.05125881,OK
2/10/2024 6:00,8.706316796,0.9182201,27.28950598,OK
2/10/2024 7:00,84.83790619,8.896146722,37.27014576,FAULT
2/10/2024 8:00,11.31913707,3.072020026,41.8978779,FAULT
2/10/2024 9:00,10.09785476,8.813305185,27.9764305,OK
2/10/2024 10:00,33.68890766,8.043827826,7.198100388,OK
2/10/2024 11:00,49.15136397,4.793203371,33.39354496,OK
2/10/2024 12:00,19.20585397,7.959379091,17.83539037,FAULT
2/10/2024 13:00,87.59246625,2.678722688,11.46524109,FAULT
2/10/2024 14:00,20.50820902,3.002409125,37.63268736,OK
2/10/2024 15:00,5.031811316,4.609681141,11.47959368,OK
2/10/2024 16:00,50.76342785,8.836667898,11.83901233,FAULT
2/10/2024 17:00,58.18197046,4.478021242,25.51643734,OK
2/10/2024 18:00,57.60976377,0.925004264,18.47643293,OK
2/10/2024 19:00,32.74508931,4.366879471,37.93466826,FAULT
2/10/2024 20:00,54.00496182,8.101715608,28.53899131,FAULT
2/10/2024 21:00,44.31011102,2.158897028,38.16431254,FAULT
2/10/2024 22:00,35.68135853,0.890293071,26.87137801,FAULT
2/10/2024 23:00,68.81796201,3.889113427,31.71206645,FAULT
2/11/2024 0:00,97.28993786,3.236546834,34.13862618,OK
2/11/2024 1:00,64.11689925,7.54171232,41.02369651,OK
2/11/2024 2:00,38.02870696,7.824183224,21.53723701,OK
2/11/2024 3:00,10.71803298,6.447917879,13.97707333,FAULT
2/11/2024 4:00,60.8241475,3.13173111,11.89585413,OK
2/11/2024 5:00,6.736555023,0.006461068,39.46753471,FAULT
2/11/2024 6:00,93.57479519,3.31348255,5.942558646,FAULT
2/11/2024 7:00,30.65396892,8.270520977,9.042622838,FAULT
2/11/2024 8:00,87.90395586,5.639511944,47.28106895,OK
2/11/2024 9:00,88.77723369,2.378716172,18.05452114,FAULT
2/11/2024 10:00,28.08564893,7.215231544,19.84779086,OK
2/11/2024 11:00,3.502900285,5.867313355,26.80533274,FAULT
2/11/2024 12:00,85.04940818,5.968103757,39.64740572,OK
2/11/2024 13:00,54.40877316,5.181949072,48.4930188,FAULT
2/11/2024 14:00,67.84900561,0.864339618,20.69782399,OK
2/11/2024 15:00,64.45282545,2.120990807,1.988742609,FAULT
